full_address,lat,lon,geocode_status,provider,timestamp_utc
"100 Oak St, New York, NY",43.0525172,-76.1329016,OK,nominatim,2026-02-04T21:23:48.505204+00:00
"1001 Maple Ave, Philadelphia, PA",40.1322291,-75.0166959,OK,nominatim,2026-02-04T21:23:49.313219+00:00
"1013 Broadway, Los Angeles, CA",34.0199331,-118.4877292,OK,nominatim,2026-02-04T21:23:50.553537+00:00
"1027 Elm St, Chicago, IL",41.9026321,-87.6450942,OK,nominatim,2026-02-04T21:23:52.217496+00:00
"105 Elm St, Phoenix, AZ",33.5065043,-112.075458,OK,nominatim,2026-02-04T21:23:54.855163+00:00
"105 Pine St, Phoenix, AZ",,,NOT_FOUND,nominatim,2026-02-04T21:23:56.800880+00:00
"1061 Pine St, Los Angeles, CA",34.0095491,-118.4758668,OK,nominatim,2026-02-04T21:23:58.077979+00:00
"1065 Oak St, Houston, TX",29.6908538,-95.2440032,OK,nominatim,2026-02-04T21:23:58.823158+00:00
"1066 Maple Ave, Los Angeles, CA",33.8374334,-118.3399179,OK,nominatim,2026-02-04T21:24:00.177106+00:00
"1074 Broadway, Phoenix, AZ",33.4068038,-112.0867701,OK,nominatim,2026-02-04T21:24:04.332383+00:00
"1078 Broadway, Los Angeles, CA",34.0202558,-118.4870572,OK,nominatim,2026-02-04T21:24:07.860715+00:00
"1084 Main St, Houston, TX",29.7564379,-95.3654417,OK,nominatim,2026-02-04T21:24:10.418869+00:00
"1098 Broadway, Dallas, TX",32.954845,-96.908749,OK,nominatim,2026-02-04T21:24:15.496919+00:00
"1114 Elm St, San Jose, CA",37.3398738,-121.9170621,OK,nominatim,2026-02-04T21:24:16.768443+00:00
"1132 Elm St, San Antonio, TX",29.4271653,-98.4820651,OK,nominatim,2026-02-04T21:24:19.227630+00:00
"1144 Pine St, San Antonio, TX",29.4054367,-98.4701267,OK,nominatim,2026-02-04T21:24:21.338467+00:00
"1152 Pine St, Dallas, TX",32.7526632,-96.9901212,OK,nominatim,2026-02-04T21:24:22.296249+00:00
"1167 Pine St, New York, NY",42.9503567,-74.2924507,OK,nominatim,2026-02-04T21:24:26.187765+00:00
"1233 Main St, Chicago, IL",42.321606,-87.840598,OK,nominatim,2026-02-04T21:24:30.223999+00:00
"1236 Elm St, Chicago, IL",41.9026321,-87.6450942,OK,nominatim,2026-02-04T21:24:31.631703+00:00
"125 Pine St, Dallas, TX",32.5894627,-96.7563926,OK,nominatim,2026-02-04T21:24:32.716537+00:00
"1254 Oak St, Los Angeles, CA",34.0084422,-118.4714548,OK,nominatim,2026-02-04T21:24:35.465968+00:00
"1258 Oak St, Los Angeles, CA",34.0084563,-118.4714306,OK,nominatim,2026-02-04T21:24:37.193596+00:00
"1267 Pine St, New York, NY",42.9504013,-74.2925126,OK,nominatim,2026-02-04T21:24:38.215051+00:00
"1268 Broadway, Houston, TX",29.7141108,-95.2782941,OK,nominatim,2026-02-04T21:24:40.302748+00:00
"127 Main St, New York, NY",42.7686733,-73.7010172,OK,nominatim,2026-02-04T21:24:57.124463+00:00
"1292 Maple Ave, San Jose, CA",37.3447996,-121.9307803,OK,nominatim,2026-02-04T21:24:58.242403+00:00
"130 Main St, New York, NY",42.877879,-78.8781789,OK,nominatim,2026-02-04T21:25:02.027889+00:00
"1307 Elm St, Chicago, IL",41.9026321,-87.6450942,OK,nominatim,2026-02-04T21:25:04.591038+00:00
"1308 Maple Ave, Dallas, TX",32.8267444,-96.84291,OK,nominatim,2026-02-04T21:25:05.510493+00:00
"1309 Pine St, San Jose, CA",37.5246495,-121.9219152,OK,nominatim,2026-02-04T21:25:07.148486+00:00
"131 Oak St, Phoenix, AZ",33.4730222,-111.9920617,OK,nominatim,2026-02-04T21:25:09.001357+00:00
"1329 Pine St, Dallas, TX",32.752412,-96.9881194,OK,nominatim,2026-02-04T21:25:09.605492+00:00
"1335 Oak St, Phoenix, AZ",33.4730996,-112.0537649,OK,nominatim,2026-02-04T21:25:11.740379+00:00
"1339 Elm St, New York, NY",43.0939381,-75.2397146,OK,nominatim,2026-02-04T21:25:16.475454+00:00
"1341 Broadway, Philadelphia, PA",,,NOT_FOUND,nominatim,2026-02-04T21:25:18.557826+00:00
"138 Main St, Houston, TX",30.0960352,-95.1715716,OK,nominatim,2026-02-04T21:25:23.072989+00:00
"1380 Oak St, Houston, TX",29.6893241,-95.2454021,OK,nominatim,2026-02-04T21:25:24.452563+00:00
"1393 Pine St, Phoenix, AZ",,,NOT_FOUND,nominatim,2026-02-04T21:25:26.669066+00:00
"1398 Pine St, Houston, TX",29.6945923,-95.488777,OK,nominatim,2026-02-04T21:25:27.627081+00:00
"14 Broadway, New York, NY",44.3274217,-74.1312419,OK,nominatim,2026-02-04T21:25:30.601793+00:00
"1410 Broadway, Dallas, TX",32.9572356,-96.9104114,OK,nominatim,2026-02-04T21:25:32.647465+00:00
"1417 Main St, Phoenix, AZ",33.6244021,-111.9323472,OK,nominatim,2026-02-04T21:25:39.601655+00:00
"1437 Broadway, San Antonio, TX",29.5374195,-98.4487658,OK,nominatim,2026-02-04T21:25:41.716820+00:00
"1443 Elm St, San Diego, CA",33.0666005,-116.8608134,OK,nominatim,2026-02-04T21:25:43.075259+00:00
"1448 Maple Ave, New York, NY",41.2852302,-73.9115301,OK,nominatim,2026-02-04T21:25:45.549361+00:00
"1448 Oak St, Phoenix, AZ",33.4730072,-112.0507398,OK,nominatim,2026-02-04T21:25:48.066221+00:00
"147 Oak St, New York, NY",43.0545791,-76.1334236,OK,nominatim,2026-02-04T21:25:50.772434+00:00
"149 Main St, San Diego, CA",33.049507,-116.8562207,OK,nominatim,2026-02-04T21:25:54.215742+00:00
"149 Maple Ave, Houston, TX",,,NOT_FOUND,nominatim,2026-02-04T21:25:58.259146+00:00
"1502 Pine St, Los Angeles, CA",33.9089492,-118.2067469,OK,nominatim,2026-02-04T21:25:59.446812+00:00
"1513 Main St, San Antonio, TX",29.4209395,-98.4946608,OK,nominatim,2026-02-04T21:26:03.467148+00:00
"1529 Maple Ave, Philadelphia, PA",40.1322291,-75.0166959,OK,nominatim,2026-02-04T21:26:04.206266+00:00
"153 Maple Ave, Chicago, IL",41.9610823,-87.6573926,OK,nominatim,2026-02-04T21:26:05.720283+00:00
"1531 Maple Ave, Phoenix, AZ",,,NOT_FOUND,nominatim,2026-02-04T21:26:07.156156+00:00
"1537 Main St, Houston, TX",29.7528828,-95.3680386,OK,nominatim,2026-02-04T21:26:09.136878+00:00
"1537 Main St, New York, NY",42.9156731,-78.8639602,OK,nominatim,2026-02-04T21:26:13.607073+00:00
"1537 Pine St, Phoenix, AZ",,,NOT_FOUND,nominatim,2026-02-04T21:26:16.064518+00:00
"1554 Broadway, Houston, TX",29.7119026,-95.2780361,OK,nominatim,2026-02-04T21:26:18.366366+00:00
"1595 Oak St, San Diego, CA",32.6281236,-116.9924282,OK,nominatim,2026-02-04T21:26:19.746578+00:00
"16 Main St, Houston, TX",29.764567,-95.3591704,OK,nominatim,2026-02-04T21:26:20.881098+00:00
"161 Pine St, Phoenix, AZ",,,NOT_FOUND,nominatim,2026-02-04T21:26:23.947240+00:00
"1619 Maple Ave, Phoenix, AZ",,,NOT_FOUND,nominatim,2026-02-04T21:26:25.179809+00:00
"1625 Broadway, Phoenix, AZ",33.4066539,-112.0932571,OK,nominatim,2026-02-04T21:26:29.397771+00:00
"1626 Maple Ave, Dallas, TX",32.807681,-96.8180326,OK,nominatim,2026-02-04T21:26:31.224385+00:00
"1635 Main St, Houston, TX",29.7521449,-95.3686171,OK,nominatim,2026-02-04T21:26:32.760844+00:00
"1656 Elm St, Los Angeles, CA",34.0745946,-118.1506508,OK,nominatim,2026-02-04T21:26:33.983233+00:00
"1663 Maple Ave, Phoenix, AZ",,,NOT_FOUND,nominatim,2026-02-04T21:26:36.413947+00:00
"1667 Oak St, Phoenix, AZ",33.7341342,-112.0956608,OK,nominatim,2026-02-04T21:26:37.669998+00:00
"1673 Pine St, San Antonio, TX",29.3997537,-98.4694907,OK,nominatim,2026-02-04T21:26:42.383462+00:00
"1677 Elm St, Houston, TX",29.7127696,-95.4868163,OK,nominatim,2026-02-04T21:26:43.228304+00:00
"1695 Main St, Chicago, IL",42.321606,-87.840598,OK,nominatim,2026-02-04T21:26:45.450383+00:00
"170 Elm St, San Antonio, TX",29.4232051,-98.4824221,OK,nominatim,2026-02-04T21:26:49.241502+00:00
"171 Pine St, Los Angeles, CA",34.102407,-118.0923433,OK,nominatim,2026-02-04T21:26:50.636673+00:00
"1731 Maple Ave, San Jose, CA",37.3447996,-121.9307803,OK,nominatim,2026-02-04T21:26:51.698434+00:00
"1736 Oak St, Chicago, IL",41.4998102,-87.638912,OK,nominatim,2026-02-04T21:26:55.486837+00:00
"1738 Pine St, San Diego, CA",33.0718063,-116.8716811,OK,nominatim,2026-02-04T21:26:56.511481+00:00
"1764 Maple Ave, New York, NY",43.124462,-79.0401144,OK,nominatim,2026-02-04T21:26:58.250498+00:00
"178 Main St, Houston, TX",30.0959091,-95.1718772,OK,nominatim,2026-02-04T21:26:59.479369+00:00
"1787 Maple Ave, Los Angeles, CA",33.829543,-118.34001,OK,nominatim,2026-02-04T21:27:00.399901+00:00
"1798 Main St, Philadelphia, PA",40.025863,-75.2246078,OK,nominatim,2026-02-04T21:27:03.167584+00:00
"1799 Pine St, San Antonio, TX",29.39858,-98.469683,OK,nominatim,2026-02-04T21:27:04.292691+00:00
"1800 Oak St, San Jose, CA",37.3208036,-121.8833144,OK,nominatim,2026-02-04T21:27:05.931679+00:00
"1802 Oak St, Chicago, IL",41.8718996,-88.1960474,OK,nominatim,2026-02-04T21:27:07.364870+00:00
"1832 Main St, Philadelphia, PA",40.025863,-75.2246078,OK,nominatim,2026-02-04T21:27:09.726001+00:00
"1850 Elm St, Dallas, TX",32.7819797,-96.7962844,OK,nominatim,2026-02-04T21:27:10.818089+00:00
"186 Broadway, San Diego, CA",32.807767,-116.960631,OK,nominatim,2026-02-04T21:27:13.200300+00:00
"1869 Broadway, New York, NY",40.7674976,-73.981556,OK,nominatim,2026-02-04T21:27:15.659044+00:00
"1874 Elm St, Los Angeles, CA",34.0722969,-118.1506285,OK,nominatim,2026-02-04T21:27:16.805794+00:00
"1889 Pine St, New York, NY",42.950679,-74.2928975,OK,nominatim,2026-02-04T21:27:18.328583+00:00
"19 Maple Ave, San Diego, CA",33.1522863,-117.3481132,OK,nominatim,2026-02-04T21:27:19.344166+00:00
"1902 Broadway, Los Angeles, CA",34.0265801,-118.4791669,OK,nominatim,2026-02-04T21:27:21.187555+00:00
"1905 Pine St, Houston, TX",29.6945923,-95.488777,OK,nominatim,2026-02-04T21:27:21.903393+00:00
"194 Broadway, San Jose, CA",37.3118787,-121.9000864,OK,nominatim,2026-02-04T21:27:25.183067+00:00
"1940 Elm St, Chicago, IL",41.9026321,-87.6450942,OK,nominatim,2026-02-04T21:27:26.719876+00:00
"1944 Maple Ave, San Diego, CA",33.1522863,-117.3481132,OK,nominatim,2026-02-04T21:27:27.845963+00:00
"1957 Oak St, Dallas, TX",32.788834,-96.7846648,OK,nominatim,2026-02-04T21:27:28.962724+00:00
"1965 Maple Ave, San Antonio, TX",,,NOT_FOUND,nominatim,2026-02-04T21:27:30.966050+00:00
"1970 Broadway, Philadelphia, PA",,,NOT_FOUND,nominatim,2026-02-04T21:27:32.760665+00:00
"1971 Oak St, Dallas, TX",32.788834,-96.7846648,OK,nominatim,2026-02-04T21:27:33.710878+00:00
"1975 Main St, Chicago, IL",42.321606,-87.840598,OK,nominatim,2026-02-04T21:27:35.903211+00:00
"1985 Broadway, San Diego, CA",32.7157266,-117.1552836,OK,nominatim,2026-02-04T21:27:37.127280+00:00
"1987 Oak St, New York, NY",40.705505,-73.7193805,OK,nominatim,2026-02-04T21:27:39.590905+00:00
"199 Elm St, Houston, TX",31.48518,-95.488517,OK,nominatim,2026-02-04T21:27:40.635110+00:00
"1995 Oak St, Chicago, IL",41.8718996,-88.1960474,OK,nominatim,2026-02-04T21:27:41.887596+00:00
"1999 Pine St, New York, NY",40.6619346,-73.6136322,OK,nominatim,2026-02-04T21:27:43.101643+00:00
"2005 Oak St, New York, NY",40.705505,-73.7193805,OK,nominatim,2026-02-04T21:27:44.638337+00:00
"201 Broadway, Phoenix, AZ",33.406634,-112.07565,OK,nominatim,2026-02-04T21:27:46.860695+00:00
"2014 Maple Ave, San Jose, CA",37.3447996,-121.9307803,OK,nominatim,2026-02-04T21:27:47.609689+00:00
"202 Broadway, Dallas, TX",32.8436742,-96.5905706,OK,nominatim,2026-02-04T21:27:49.760290+00:00
"2022 Oak St, San Antonio, TX",29.5677541,-98.4618991,OK,nominatim,2026-02-04T21:27:50.474438+00:00
"203 Oak St, Philadelphia, PA",,,NOT_FOUND,nominatim,2026-02-04T21:27:54.169615+00:00
"2039 Broadway, Chicago, IL",41.518221,-87.640153,OK,nominatim,2026-02-04T21:27:55.390718+00:00
"2039 Pine St, Houston, TX",29.6945923,-95.488777,OK,nominatim,2026-02-04T21:27:56.296769+00:00
"2052 Elm St, Dallas, TX",32.7824839,-96.7937717,OK,nominatim,2026-02-04T21:27:57.849711+00:00
"2069 Maple Ave, San Diego, CA",33.1522863,-117.3481132,OK,nominatim,2026-02-04T21:27:58.869973+00:00
"2071 Main St, New York, NY",41.3009864,-73.8823431,OK,nominatim,2026-02-04T21:28:14.027436+00:00
"2077 Elm St, Chicago, IL",41.9026321,-87.6450942,OK,nominatim,2026-02-04T21:28:17.203234+00:00
"2085 Pine St, Phoenix, AZ",,,NOT_FOUND,nominatim,2026-02-04T21:28:20.684014+00:00
"2086 Main St, Phoenix, AZ",33.6244021,-111.9323472,OK,nominatim,2026-02-04T21:28:27.853482+00:00
"2087 Maple Ave, Dallas, TX",32.8267444,-96.84291,OK,nominatim,2026-02-04T21:28:28.669760+00:00
"2090 Oak St, New York, NY",40.705505,-73.7193805,OK,nominatim,2026-02-04T21:28:30.104538+00:00
"2095 Maple Ave, San Jose, CA",37.3447996,-121.9307803,OK,nominatim,2026-02-04T21:28:31.128297+00:00
"2098 Maple Ave, San Antonio, TX",,,NOT_FOUND,nominatim,2026-02-04T21:28:32.870860+00:00
"2126 Oak St, Philadelphia, PA",,,NOT_FOUND,nominatim,2026-02-04T21:28:35.631449+00:00
"2149 Broadway, San Diego, CA",32.7157266,-117.1552836,OK,nominatim,2026-02-04T21:28:37.887997+00:00
"2155 Main St, San Diego, CA",33.030513,-116.887577,OK,nominatim,2026-02-04T21:28:40.857083+00:00
"2155 Maple Ave, Phoenix, AZ",,,NOT_FOUND,nominatim,2026-02-04T21:28:41.946658+00:00
"2172 Broadway, San Diego, CA",32.7157266,-117.1552836,OK,nominatim,2026-02-04T21:28:43.110396+00:00
"2174 Oak St, Dallas, TX",32.7845261,-96.7940844,OK,nominatim,2026-02-04T21:28:44.850278+00:00
"2184 Oak St, Phoenix, AZ",33.4731308,-112.0348872,OK,nominatim,2026-02-04T21:28:47.819456+00:00
"2192 Elm St, Dallas, TX",32.7827171,-96.7926007,OK,nominatim,2026-02-04T21:28:49.151010+00:00
"2202 Main St, San Diego, CA",33.07894,-116.602405,OK,nominatim,2026-02-04T21:28:51.096235+00:00
"2205 Maple Ave, New York, NY",42.962861,-73.9652483,OK,nominatim,2026-02-04T21:28:52.426402+00:00
"2221 Elm St, San Diego, CA",32.724392,-117.1260354,OK,nominatim,2026-02-04T21:28:54.169933+00:00
"2233 Broadway, Chicago, IL",41.518221,-87.640153,OK,nominatim,2026-02-04T21:28:54.648776+00:00
"224 Main St, San Jose, CA",37.3690131,-121.8763491,OK,nominatim,2026-02-04T21:28:57.445799+00:00
"2261 Elm St, San Jose, CA",37.3398738,-121.9170621,OK,nominatim,2026-02-04T21:28:58.776781+00:00
"2267 Main St, Chicago, IL",42.321606,-87.840598,OK,nominatim,2026-02-04T21:29:01.002912+00:00
"2285 Elm St, Phoenix, AZ",33.5061835,-112.1363868,OK,nominatim,2026-02-04T21:29:02.667241+00:00
"2291 Pine St, San Antonio, TX",29.393285,-98.4696741,OK,nominatim,2026-02-04T21:29:03.589711+00:00
"2293 Pine St, Philadelphia, PA",39.9473897,-75.1791279,OK,nominatim,2026-02-04T21:29:05.040609+00:00
"2301 Oak St, Phoenix, AZ",33.472974,-112.032258,OK,nominatim,2026-02-04T21:29:08.400706+00:00
"2313 Maple Ave, Los Angeles, CA",34.0257056,-118.2641172,OK,nominatim,2026-02-04T21:29:09.122458+00:00
"2313 Maple Ave, San Antonio, TX",,,NOT_FOUND,nominatim,2026-02-04T21:29:11.989785+00:00
"2326 Oak St, Philadelphia, PA",,,NOT_FOUND,nominatim,2026-02-04T21:29:15.812337+00:00
"2328 Main St, Dallas, TX",32.7853666,-96.7763713,OK,nominatim,2026-02-04T21:29:17.170333+00:00
"233 Oak St, Los Angeles, CA",33.9613199,-118.3662281,OK,nominatim,2026-02-04T21:29:18.656234+00:00
"2340 Pine St, New York, NY",40.6638684,-73.5059002,OK,nominatim,2026-02-04T21:29:20.279011+00:00
"2366 Maple Ave, Dallas, TX",32.8267444,-96.84291,OK,nominatim,2026-02-04T21:29:20.792822+00:00
"2387 Pine St, Chicago, IL",41.8882774,-88.1960962,OK,nominatim,2026-02-04T21:29:23.883894+00:00
"2390 Oak St, Dallas, TX",32.7859233,-96.7924463,OK,nominatim,2026-02-04T21:29:24.787981+00:00
"2397 Elm St, Philadelphia, PA",,,NOT_FOUND,nominatim,2026-02-04T21:29:28.369231+00:00
"2406 Maple Ave, San Jose, CA",37.3447996,-121.9307803,OK,nominatim,2026-02-04T21:29:29.193218+00:00
"241 Pine St, Phoenix, AZ",,,NOT_FOUND,nominatim,2026-02-04T21:29:32.365684+00:00
"2418 Maple Ave, San Antonio, TX",,,NOT_FOUND,nominatim,2026-02-04T21:29:35.846344+00:00
"242 Elm St, San Antonio, TX",29.4239717,-98.4822226,OK,nominatim,2026-02-04T21:29:36.769177+00:00
"2421 Main St, Dallas, TX",32.7853666,-96.7763713,OK,nominatim,2026-02-04T21:29:38.190815+00:00
"2431 Maple Ave, New York, NY",40.6607202,-73.5001228,OK,nominatim,2026-02-04T21:29:39.910357+00:00
"2439 Elm St, Phoenix, AZ",33.5063168,-112.028457,OK,nominatim,2026-02-04T21:29:42.396867+00:00
"244 Maple Ave, San Jose, CA",37.3447996,-121.9307803,OK,nominatim,2026-02-04T21:29:43.294267+00:00
"2447 Oak St, Houston, TX",29.7377599,-95.359749,OK,nominatim,2026-02-04T21:29:44.548145+00:00
"2472 Broadway, Philadelphia, PA",,,NOT_FOUND,nominatim,2026-02-04T21:29:47.518577+00:00
"2472 Oak St, Chicago, IL",41.8718996,-88.1960474,OK,nominatim,2026-02-04T21:29:48.644228+00:00
"2489 Main St, Los Angeles, CA",34.0034796,-118.4849119,OK,nominatim,2026-02-04T21:29:51.410562+00:00
"2489 Oak St, San Diego, CA",33.1874933,-117.3767689,OK,nominatim,2026-02-04T21:29:52.742834+00:00
"2493 Maple Ave, New York, NY",40.6603722,-73.5002252,OK,nominatim,2026-02-04T21:29:53.651231+00:00
"2494 Oak St, San Jose, CA",37.3208036,-121.8833144,OK,nominatim,2026-02-04T21:29:55.720865+00:00
"2505 Broadway, Los Angeles, CA",34.030726,-118.474109,OK,nominatim,2026-02-04T21:29:56.531474+00:00
"2511 Broadway, San Jose, CA",37.3118787,-121.9000864,OK,nominatim,2026-02-04T21:30:01.342803+00:00
"2513 Pine St, San Jose, CA",37.5246495,-121.9219152,OK,nominatim,2026-02-04T21:30:04.109210+00:00
"2515 Elm St, San Antonio, TX",29.4271653,-98.4820651,OK,nominatim,2026-02-04T21:30:05.027862+00:00
"2519 Maple Ave, Chicago, IL",41.9610823,-87.6573926,OK,nominatim,2026-02-04T21:30:06.155797+00:00
"2535 Elm St, San Jose, CA",37.3398738,-121.9170621,OK,nominatim,2026-02-04T21:30:09.798178+00:00
"2555 Maple Ave, San Jose, CA",37.3447996,-121.9307803,OK,nominatim,2026-02-04T21:30:11.038207+00:00
"2564 Main St, Houston, TX",29.7456955,-95.3739615,OK,nominatim,2026-02-04T21:30:14.416912+00:00
"2580 Main St, San Jose, CA",37.3690131,-121.8763491,OK,nominatim,2026-02-04T21:30:17.420449+00:00
"2584 Maple Ave, Dallas, TX",32.7952223,-96.8039714,OK,nominatim,2026-02-04T21:30:17.830390+00:00
"2589 Oak St, Phoenix, AZ",33.73459,-112.1144789,OK,nominatim,2026-02-04T21:30:20.284624+00:00
"259 Maple Ave, Philadelphia, PA",40.1322291,-75.0166959,OK,nominatim,2026-02-04T21:30:20.902117+00:00
"2594 Broadway, New York, NY",40.7957392,-73.9708751,OK,nominatim,2026-02-04T21:30:23.565743+00:00
"2606 Main St, San Jose, CA",37.3690131,-121.8763491,OK,nominatim,2026-02-04T21:30:29.164628+00:00
"2628 Main St, Chicago, IL",42.321606,-87.840598,OK,nominatim,2026-02-04T21:30:31.403415+00:00
"2633 Pine St, Dallas, TX",32.7583732,-96.758602,OK,nominatim,2026-02-04T21:30:33.089530+00:00
"2638 Pine St, Philadelphia, PA",39.9476889,-75.182937,OK,nominatim,2026-02-04T21:30:34.545034+00:00
"2642 Broadway, Houston, TX",29.7030202,-95.2777852,OK,nominatim,2026-02-04T21:30:36.584740+00:00
"2642 Pine St, San Diego, CA",33.1897187,-117.3789786,OK,nominatim,2026-02-04T21:30:39.436634+00:00
"2654 Broadway, Phoenix, AZ",33.4068104,-112.1153274,OK,nominatim,2026-02-04T21:30:41.889019+00:00
"2654 Pine St, Chicago, IL",41.8882774,-88.1960962,OK,nominatim,2026-02-04T21:30:43.224520+00:00
"2662 Pine St, Philadelphia, PA",39.9476946,-75.1829926,OK,nominatim,2026-02-04T21:30:45.275015+00:00
"2683 Pine St, Chicago, IL",41.8882774,-88.1960962,OK,nominatim,2026-02-04T21:30:46.810054+00:00
"2684 Broadway, Los Angeles, CA",34.0324966,-118.4719233,OK,nominatim,2026-02-04T21:30:47.320453+00:00
"2690 Broadway, Dallas, TX",32.8845753,-96.6277104,OK,nominatim,2026-02-04T21:30:53.364557+00:00
"2697 Main St, San Diego, CA",32.692402,-117.136243,OK,nominatim,2026-02-04T21:30:56.242072+00:00
"2713 Maple Ave, San Diego, CA",33.1522863,-117.3481132,OK,nominatim,2026-02-04T21:30:57.271007+00:00
"2725 Pine St, Philadelphia, PA",39.9476458,-75.1817927,OK,nominatim,2026-02-04T21:30:59.404565+00:00
"274 Broadway, Dallas, TX",32.8436742,-96.5905706,OK,nominatim,2026-02-04T21:31:01.557630+00:00
"2746 Maple Ave, Phoenix, AZ",,,NOT_FOUND,nominatim,2026-02-04T21:31:03.499859+00:00
"2775 Main St, New York, NY",42.9421291,-78.8354736,OK,nominatim,2026-02-04T21:31:32.948943+00:00
"2783 Main St, Philadelphia, PA",40.025863,-75.2246078,OK,nominatim,2026-02-04T21:31:35.097593+00:00
"2784 Broadway, San Antonio, TX",29.4524632,-98.4728044,OK,nominatim,2026-02-04T21:31:35.859617+00:00
"2790 Main St, New York, NY",42.1805534,-73.514045,OK,nominatim,2026-02-04T21:31:38.520525+00:00
"2793 Oak St, New York, NY",40.705505,-73.7193805,OK,nominatim,2026-02-04T21:31:41.592219+00:00
"2798 Elm St, San Jose, CA",37.3398738,-121.9170621,OK,nominatim,2026-02-04T21:31:46.714040+00:00
"28 Pine St, Chicago, IL",41.8882774,-88.1960962,OK,nominatim,2026-02-04T21:31:49.788095+00:00
"2804 Oak St, San Jose, CA",37.3208036,-121.8833144,OK,nominatim,2026-02-04T21:31:51.057582+00:00
"281 Pine St, Dallas, TX",32.5894644,-96.7551669,OK,nominatim,2026-02-04T21:31:52.140384+00:00
"2815 Oak St, San Jose, CA",37.3208036,-121.8833144,OK,nominatim,2026-02-04T21:31:55.726222+00:00
"2819 Main St, Dallas, TX",32.7841073,-96.7831403,OK,nominatim,2026-02-04T21:31:59.130442+00:00
"282 Oak St, Los Angeles, CA",33.9611254,-118.3660246,OK,nominatim,2026-02-04T21:32:00.846289+00:00
"2828 Elm St, Phoenix, AZ",33.506551,-112.0210172,OK,nominatim,2026-02-04T21:32:04.532467+00:00
"2833 Main St, Dallas, TX",32.7841325,-96.7830045,OK,nominatim,2026-02-04T21:32:07.003499+00:00
"2879 Elm St, Los Angeles, CA",34.0988357,-118.2315864,OK,nominatim,2026-02-04T21:32:11.476965+00:00
"288 Main St, Dallas, TX",32.9125773,-96.6339699,OK,nominatim,2026-02-04T21:32:13.361869+00:00
"2886 Pine St, Philadelphia, PA",39.9476458,-75.1817927,OK,nominatim,2026-02-04T21:32:15.411300+00:00
"2887 Broadway, Houston, TX",29.6992129,-95.2777449,OK,nominatim,2026-02-04T21:32:18.567309+00:00
"2895 Maple Ave, Phoenix, AZ",,,NOT_FOUND,nominatim,2026-02-04T21:32:19.822785+00:00
"2897 Elm St, New York, NY",40.6415068,-73.6500119,OK,nominatim,2026-02-04T21:32:23.173382+00:00
"29 Maple Ave, Dallas, TX",32.807681,-96.8180326,OK,nominatim,2026-02-04T21:32:24.192334+00:00
"2900 Broadway, Dallas, TX",32.8436742,-96.5905706,OK,nominatim,2026-02-04T21:32:28.400103+00:00
"2907 Oak St, Chicago, IL",41.8718996,-88.1960474,OK,nominatim,2026-02-04T21:32:30.028940+00:00
"2908 Pine St, San Jose, CA",37.5246495,-121.9219152,OK,nominatim,2026-02-04T21:32:32.808988+00:00
"2914 Elm St, Los Angeles, CA",34.0989257,-118.2310871,OK,nominatim,2026-02-04T21:32:34.124924+00:00
"2932 Oak St, Chicago, IL",41.8718996,-88.1960474,OK,nominatim,2026-02-04T21:32:35.499725+00:00
"2943 Elm St, Philadelphia, PA",,,NOT_FOUND,nominatim,2026-02-04T21:32:38.836824+00:00
"2944 Maple Ave, Houston, TX",,,NOT_FOUND,nominatim,2026-02-04T21:32:40.376091+00:00
"2955 Pine St, New York, NY",42.9511553,-74.293557,OK,nominatim,2026-02-04T21:32:42.939349+00:00
"2958 Main St, San Jose, CA",37.3690131,-121.8763491,OK,nominatim,2026-02-04T21:32:45.185592+00:00
"2959 Elm St, Dallas, TX",32.7851382,-96.7816504,OK,nominatim,2026-02-04T21:32:46.413486+00:00
"2964 Broadway, San Jose, CA",37.3118787,-121.9000864,OK,nominatim,2026-02-04T21:32:48.673316+00:00
"2967 Maple Ave, New York, NY",43.1136427,-77.2435413,OK,nominatim,2026-02-04T21:32:50.933031+00:00
"2979 Pine St, Houston, TX",29.6945923,-95.488777,OK,nominatim,2026-02-04T21:32:52.921340+00:00
"2983 Maple Ave, Dallas, TX",32.7977223,-96.8071674,OK,nominatim,2026-02-04T21:32:55.246937+00:00
"299 Main St, Philadelphia, PA",40.025863,-75.2246078,OK,nominatim,2026-02-04T21:33:00.034528+00:00
"2992 Maple Ave, Los Angeles, CA",34.0204247,-118.2672321,OK,nominatim,2026-02-04T21:33:03.008199+00:00
"3004 Main St, Philadelphia, PA",40.025863,-75.2246078,OK,nominatim,2026-02-04T21:33:06.283944+00:00
"3010 Main St, Los Angeles, CA",33.9983635,-118.4800286,OK,nominatim,2026-02-04T21:33:10.789635+00:00
"3017 Pine St, San Antonio, TX",29.3857341,-98.4696782,OK,nominatim,2026-02-04T21:33:14.284684+00:00
"3026 Pine St, Dallas, TX",32.7617743,-96.7542455,OK,nominatim,2026-02-04T21:33:16.621023+00:00
"3045 Broadway, Philadelphia, PA",,,NOT_FOUND,nominatim,2026-02-04T21:33:19.776828+00:00
"3060 Oak St, San Antonio, TX",29.5916811,-98.4409413,OK,nominatim,2026-02-04T21:33:20.922999+00:00
"3064 Broadway, San Antonio, TX",29.454897,-98.4710204,OK,nominatim,2026-02-04T21:33:21.542429+00:00
"3066 Maple Ave, Dallas, TX",32.7983986,-96.8077146,OK,nominatim,2026-02-04T21:33:22.663480+00:00
"3075 Main St, Houston, TX",29.7423761,-95.3763453,OK,nominatim,2026-02-04T21:33:25.040553+00:00
"3081 Maple Ave, Chicago, IL",41.9610823,-87.6573926,OK,nominatim,2026-02-04T21:33:26.042215+00:00
"3092 Pine St, Dallas, TX",32.7619772,-96.7541167,OK,nominatim,2026-02-04T21:33:27.927709+00:00
"3113 Oak St, Los Angeles, CA",34.1595893,-118.3361923,OK,nominatim,2026-02-04T21:33:29.628610+00:00
"3114 Pine St, San Jose, CA",37.5246495,-121.9219152,OK,nominatim,2026-02-04T21:33:30.843219+00:00
"3134 Broadway, Houston, TX",29.6953118,-95.2778182,OK,nominatim,2026-02-04T21:33:33.015870+00:00
"3137 Maple Ave, San Diego, CA",33.1522863,-117.3481132,OK,nominatim,2026-02-04T21:33:33.826969+00:00
"3175 Main St, Houston, TX",29.7417988,-95.3768085,OK,nominatim,2026-02-04T21:33:36.589417+00:00
"3183 Broadway, Dallas, TX",32.8779161,-96.6206207,OK,nominatim,2026-02-04T21:33:38.259764+00:00
"3185 Elm St, New York, NY",40.6679723,-73.7244942,OK,nominatim,2026-02-04T21:33:45.703539+00:00
"319 Broadway, Phoenix, AZ",33.4066328,-112.0768487,OK,nominatim,2026-02-04T21:33:49.081366+00:00
"3195 Elm St, New York, NY",40.6679723,-73.7244942,OK,nominatim,2026-02-04T21:33:50.518642+00:00
"3209 Oak St, San Jose, CA",37.3208036,-121.8833144,OK,nominatim,2026-02-04T21:33:51.988679+00:00
"3216 Elm St, Philadelphia, PA",,,NOT_FOUND,nominatim,2026-02-04T21:33:54.846893+00:00
"3235 Broadway, Philadelphia, PA",,,NOT_FOUND,nominatim,2026-02-04T21:33:56.442746+00:00
"3239 Broadway, San Antonio, TX",29.4564802,-98.4700926,OK,nominatim,2026-02-04T21:33:56.993974+00:00
"3256 Pine St, San Jose, CA",37.5246495,-121.9219152,OK,nominatim,2026-02-04T21:33:59.111569+00:00
"3257 Oak St, Houston, TX",29.7330569,-95.363467,OK,nominatim,2026-02-04T21:34:00.241738+00:00
"3270 Oak St, San Antonio, TX",29.439414,-98.475854,OK,nominatim,2026-02-04T21:34:01.063092+00:00
"3276 Main St, San Antonio, TX",29.4209395,-98.4946608,OK,nominatim,2026-02-04T21:34:06.491563+00:00
"3279 Pine St, Dallas, TX",32.7639508,-96.7525128,OK,nominatim,2026-02-04T21:34:09.940136+00:00
"3283 Pine St, San Antonio, TX",29.3827639,-98.4695378,OK,nominatim,2026-02-04T21:34:11.896212+00:00
"329 Broadway, Phoenix, AZ",33.4066326,-112.0769463,OK,nominatim,2026-02-04T21:34:14.270845+00:00
"3290 Broadway, Los Angeles, CA",34.0367552,-118.4666459,OK,nominatim,2026-02-04T21:34:15.094719+00:00
"3293 Oak St, Phoenix, AZ",33.4730223,-112.0108765,OK,nominatim,2026-02-04T21:34:18.307380+00:00
"3309 Maple Ave, Los Angeles, CA",33.8993441,-118.4028406,OK,nominatim,2026-02-04T21:34:21.220614+00:00
"3310 Elm St, San Diego, CA",32.7245432,-117.1225163,OK,nominatim,2026-02-04T21:34:22.978322+00:00
"3322 Main St, San Antonio, TX",29.4209395,-98.4946608,OK,nominatim,2026-02-04T21:34:27.382177+00:00
"3323 Elm St, New York, NY",42.1434923,-79.3993761,OK,nominatim,2026-02-04T21:34:29.849141+00:00
"3345 Oak St, Houston, TX",29.7324253,-95.3639821,OK,nominatim,2026-02-04T21:34:32.910752+00:00
"3350 Elm St, Dallas, TX",32.7859244,-96.7770102,OK,nominatim,2026-02-04T21:34:33.833243+00:00
"3365 Broadway, Dallas, TX",32.8742172,-96.6164225,OK,nominatim,2026-02-04T21:34:35.780231+00:00
"3380 Maple Ave, Chicago, IL",41.9610823,-87.6573926,OK,nominatim,2026-02-04T21:34:40.386064+00:00
"3387 Main St, Houston, TX",29.7404652,-95.377862,OK,nominatim,2026-02-04T21:34:41.930902+00:00
"3389 Broadway, New York, NY",40.8216891,-73.9540406,OK,nominatim,2026-02-04T21:34:44.276840+00:00
"3406 Oak St, Dallas, TX",32.7929338,-96.7840502,OK,nominatim,2026-02-04T21:34:45.593732+00:00
"3412 Main St, San Diego, CA",32.5948246,-117.0598694,OK,nominatim,2026-02-04T21:34:49.192020+00:00
"3414 Elm St, Houston, TX",29.6034684,-95.1256491,OK,nominatim,2026-02-04T21:34:51.139039+00:00
"3414 Oak St, Los Angeles, CA",34.1584204,-118.3391646,OK,nominatim,2026-02-04T21:34:52.982009+00:00
"3426 Pine St, San Antonio, TX",29.3808754,-98.4693947,OK,nominatim,2026-02-04T21:34:54.209244+00:00
"3427 Oak St, San Diego, CA",33.1874933,-117.3767689,OK,nominatim,2026-02-04T21:34:55.438215+00:00
"3430 Oak St, Houston, TX",29.7317324,-95.3645103,OK,nominatim,2026-02-04T21:34:56.795607+00:00
"344 Main St, San Jose, CA",37.3690131,-121.8763491,OK,nominatim,2026-02-04T21:34:59.429331+00:00
"3440 Broadway, San Antonio, TX",29.4579256,-98.4688335,OK,nominatim,2026-02-04T21:35:00.251013+00:00
"3442 Elm St, New York, NY",42.8977338,-78.8652616,OK,nominatim,2026-02-04T21:35:04.634769+00:00
"3449 Elm St, New York, NY",42.8977338,-78.8652616,OK,nominatim,2026-02-04T21:35:06.332353+00:00
"345 Oak St, New York, NY",43.1772691,-79.0477676,OK,nominatim,2026-02-04T21:35:09.600845+00:00
"3467 Oak St, San Diego, CA",33.1874933,-117.3767689,OK,nominatim,2026-02-04T21:35:11.416529+00:00
"3470 Main St, Los Angeles, CA",34.0247774,-118.3945328,OK,nominatim,2026-02-04T21:35:13.153977+00:00
"3488 Main St, Dallas, TX",32.7854546,-96.775558,OK,nominatim,2026-02-04T21:35:14.651473+00:00
"3494 Pine St, Dallas, TX",32.7656435,-96.7502283,OK,nominatim,2026-02-04T21:35:16.861587+00:00
"3505 Pine St, Dallas, TX",32.7659884,-96.7501104,OK,nominatim,2026-02-04T21:35:17.680458+00:00
"3526 Oak St, Dallas, TX",32.79331,-96.7835953,OK,nominatim,2026-02-04T21:35:18.899409+00:00
"3538 Maple Ave, New York, NY",43.1330207,-77.2458595,OK,nominatim,2026-02-04T21:35:20.833881+00:00
"3562 Maple Ave, Phoenix, AZ",,,NOT_FOUND,nominatim,2026-02-04T21:35:21.859416+00:00
"357 Pine St, Philadelphia, PA",39.9435471,-75.1482771,OK,nominatim,2026-02-04T21:35:24.024546+00:00
"3573 Main St, San Diego, CA",32.5946446,-117.0572752,OK,nominatim,2026-02-04T21:35:26.055679+00:00
"3576 Maple Ave, Houston, TX",,,NOT_FOUND,nominatim,2026-02-04T21:35:27.938388+00:00
"3583 Elm St, Philadelphia, PA",,,NOT_FOUND,nominatim,2026-02-04T21:35:30.356460+00:00
"3588 Oak St, Los Angeles, CA",34.1579281,-118.3406431,OK,nominatim,2026-02-04T21:35:32.760540+00:00
"3599 Broadway, New York, NY",40.828281,-73.949223,OK,nominatim,2026-02-04T21:35:33.841627+00:00
"3609 Broadway, Los Angeles, CA",33.964459,-118.2029662,OK,nominatim,2026-02-04T21:35:34.574943+00:00
"3614 Broadway, Phoenix, AZ",33.4068182,-112.1357396,OK,nominatim,2026-02-04T21:35:37.628880+00:00
"3614 Pine St, Houston, TX",29.6947307,-95.4761115,OK,nominatim,2026-02-04T21:35:38.546675+00:00
"3667 Oak St, Chicago, IL",41.8718996,-88.1960474,OK,nominatim,2026-02-04T21:35:40.023254+00:00
"37 Elm St, Philadelphia, PA",,,NOT_FOUND,nominatim,2026-02-04T21:35:43.976062+00:00
"3709 Main St, Houston, TX",29.7383036,-95.3795757,OK,nominatim,2026-02-04T21:35:45.825028+00:00
"3711 Maple Ave, Philadelphia, PA",40.1322291,-75.0166959,OK,nominatim,2026-02-04T21:35:46.911714+00:00
"3721 Maple Ave, San Jose, CA",37.3447996,-121.9307803,OK,nominatim,2026-02-04T21:35:48.073801+00:00
"3722 Broadway, Phoenix, AZ",,,NOT_FOUND,nominatim,2026-02-04T21:36:00.800264+00:00
"3753 Broadway, Philadelphia, PA",,,NOT_FOUND,nominatim,2026-02-04T21:36:13.134407+00:00
"3753 Broadway, San Diego, CA",32.7158875,-117.1119013,OK,nominatim,2026-02-04T21:36:26.002114+00:00
"3760 Maple Ave, San Antonio, TX",,,NOT_FOUND,nominatim,2026-02-04T21:36:27.599485+00:00
"3762 Elm St, Chicago, IL",41.9026321,-87.6450942,OK,nominatim,2026-02-04T21:36:29.127046+00:00
"377 Maple Ave, Houston, TX",,,NOT_FOUND,nominatim,2026-02-04T21:36:30.654115+00:00
"3812 Oak St, Los Angeles, CA",34.1570628,-118.3432187,OK,nominatim,2026-02-04T21:36:41.087210+00:00
"3820 Pine St, San Diego, CA",32.7561562,-117.1860064,OK,nominatim,2026-02-04T21:36:42.073918+00:00
"3824 Maple Ave, Dallas, TX",32.8045353,-96.8144073,OK,nominatim,2026-02-04T21:36:42.865389+00:00
"3824 Maple Ave, San Jose, CA",37.3447996,-121.9307803,OK,nominatim,2026-02-04T21:36:45.290809+00:00
"3825 Broadway, Dallas, TX",32.8672141,-96.6084359,OK,nominatim,2026-02-04T21:36:47.699153+00:00
"3866 Main St, Houston, TX",29.7375077,-95.3804387,OK,nominatim,2026-02-04T21:36:48.750328+00:00
"3876 Oak St, Philadelphia, PA",,,NOT_FOUND,nominatim,2026-02-04T21:36:51.618729+00:00
"3884 Pine St, Los Angeles, CA",34.0076475,-118.4785343,OK,nominatim,2026-02-04T21:36:52.667360+00:00
"3886 Main St, Los Angeles, CA",34.0247774,-118.3945328,OK,nominatim,2026-02-04T21:36:55.730054+00:00
"3894 Pine St, New York, NY",42.1188521,-79.3105694,OK,nominatim,2026-02-04T21:36:57.092193+00:00
"390 Broadway, Chicago, IL",41.518221,-87.640153,OK,nominatim,2026-02-04T21:36:58.503700+00:00
"390 Pine St, San Diego, CA",33.0473557,-116.8711978,OK,nominatim,2026-02-04T21:36:59.834087+00:00
"3909 Pine St, Dallas, TX",32.7695431,-96.7468021,OK,nominatim,2026-02-04T21:37:01.592596+00:00
"391 Pine St, Chicago, IL",41.8882774,-88.1960962,OK,nominatim,2026-02-04T21:37:04.073316+00:00
"3913 Main St, San Antonio, TX",29.4209395,-98.4946608,OK,nominatim,2026-02-04T21:37:07.847183+00:00
"393 Elm St, Houston, TX",31.483827,-95.488713,OK,nominatim,2026-02-04T21:37:08.642236+00:00
"393 Maple Ave, Dallas, TX",32.8267444,-96.84291,OK,nominatim,2026-02-04T21:37:46.499661+00:00
"3944 Elm St, San Jose, CA",37.3438797,-121.9214546,OK,nominatim,2026-02-04T21:37:48.270968+00:00
"3954 Broadway, Houston, TX",29.6842042,-95.2775087,OK,nominatim,2026-02-04T21:37:50.009884+00:00
"3966 Pine St, Los Angeles, CA",34.0076475,-118.4785343,OK,nominatim,2026-02-04T21:37:53.184997+00:00
"3974 Elm St, Philadelphia, PA",,,NOT_FOUND,nominatim,2026-02-04T21:37:55.852656+00:00
"3974 Oak St, Houston, TX",29.7286591,-95.3671934,OK,nominatim,2026-02-04T21:37:58.012828+00:00
"3978 Main St, Chicago, IL",42.321606,-87.840598,OK,nominatim,2026-02-04T21:38:00.556421+00:00
"3983 Maple Ave, Phoenix, AZ",,,NOT_FOUND,nominatim,2026-02-04T21:38:02.109856+00:00
"3987 Oak St, San Diego, CA",33.1352558,-117.2098428,OK,nominatim,2026-02-04T21:38:03.433225+00:00
"399 Main St, Philadelphia, PA",40.025863,-75.2246078,OK,nominatim,2026-02-04T21:38:06.544684+00:00
"3997 Elm St, Phoenix, AZ",33.506101,-112.1444564,OK,nominatim,2026-02-04T21:38:08.237110+00:00
"4027 Main St, Dallas, TX",32.7885865,-96.7711424,OK,nominatim,2026-02-04T21:38:10.798391+00:00
"4042 Broadway, Los Angeles, CA",33.9199677,-118.3447649,OK,nominatim,2026-02-04T21:38:11.306112+00:00
"4052 Broadway, Chicago, IL",41.518221,-87.640153,OK,nominatim,2026-02-04T21:38:14.279465+00:00
"4056 Elm St, Phoenix, AZ",33.506262,-112.1457759,OK,nominatim,2026-02-04T21:38:15.300150+00:00
"4060 Main St, New York, NY",43.3014451,-75.618297,OK,nominatim,2026-02-04T21:40:31.585366+00:00
"4070 Pine St, Dallas, TX",32.769953,-96.7453606,OK,nominatim,2026-02-04T21:40:33.222513+00:00
"4101 Elm St, San Jose, CA",37.3398738,-121.9170621,OK,nominatim,2026-02-04T21:40:34.880279+00:00
"4105 Elm St, Chicago, IL",41.9026321,-87.6450942,OK,nominatim,2026-02-04T21:40:37.129103+00:00
"4115 Oak St, San Antonio, TX",29.439414,-98.475854,OK,nominatim,2026-02-04T21:40:39.160733+00:00
"4127 Broadway, New York, NY",40.8458108,-73.9387704,OK,nominatim,2026-02-04T21:40:42.969956+00:00
"4136 Oak St, San Antonio, TX",29.439414,-98.475854,OK,nominatim,2026-02-04T21:40:43.787007+00:00
"417 Broadway, New York, NY",40.70707,-73.9533577,OK,nominatim,2026-02-04T21:40:45.107272+00:00
"417 Elm St, Dallas, TX",32.7788212,-96.8091245,OK,nominatim,2026-02-04T21:40:46.040525+00:00
"4177 Broadway, San Diego, CA",32.7158528,-117.104993,OK,nominatim,2026-02-04T21:40:47.047071+00:00
"42 Broadway, Los Angeles, CA",34.1439394,-118.2259996,OK,nominatim,2026-02-04T21:40:48.090102+00:00
"421 Oak St, Houston, TX",29.7591054,-95.3424661,OK,nominatim,2026-02-04T21:40:49.627325+00:00
"4216 Oak St, San Jose, CA",37.3208036,-121.8833144,OK,nominatim,2026-02-04T21:40:50.957585+00:00
"4227 Main St, San Antonio, TX",29.4209395,-98.4946608,OK,nominatim,2026-02-04T21:46:26.242399+00:00
"4227 Oak St, San Jose, CA",37.3208036,-121.8833144,OK,nominatim,2026-02-04T21:46:27.698908+00:00
"424 Main St, Chicago, IL",41.8820039,-88.2012224,OK,nominatim,2026-02-04T21:46:29.698018+00:00
"4281 Oak St, Houston, TX",29.726665,-95.3685382,OK,nominatim,2026-02-04T21:46:30.296452+00:00
"4284 Pine St, Chicago, IL",41.8882774,-88.1960962,OK,nominatim,2026-02-04T21:46:31.924399+00:00
"429 Main St, San Diego, CA",33.047021,-116.8596567,OK,nominatim,2026-02-04T21:46:33.703526+00:00
"4293 Oak St, San Antonio, TX",29.439414,-98.475854,OK,nominatim,2026-02-04T21:46:34.712342+00:00
"4298 Elm St, New York, NY",42.8977338,-78.8652616,OK,nominatim,2026-02-04T21:46:37.803676+00:00
"4330 Maple Ave, San Antonio, TX",,,NOT_FOUND,nominatim,2026-02-04T21:46:39.542258+00:00
"4334 Main St, Phoenix, AZ",33.6244021,-111.9323472,OK,nominatim,2026-02-04T21:46:46.324430+00:00
"4340 Maple Ave, San Diego, CA",32.757643,-117.02701,OK,nominatim,2026-02-04T21:46:47.390118+00:00
"4341 Elm St, San Diego, CA",32.724544,-117.1004566,OK,nominatim,2026-02-04T21:46:49.067573+00:00
"4345 Broadway, San Jose, CA",37.3118787,-121.9000864,OK,nominatim,2026-02-04T21:46:51.508211+00:00
"4352 Maple Ave, Dallas, TX",32.8096746,-96.820312,OK,nominatim,2026-02-04T21:46:51.859713+00:00
"4383 Oak St, Los Angeles, CA",34.1395201,-118.7014219,OK,nominatim,2026-02-04T21:46:54.188902+00:00
"4384 Broadway, New York, NY",40.85436,-73.9334251,OK,nominatim,2026-02-04T21:46:55.935613+00:00
"4409 Maple Ave, Los Angeles, CA",34.0145332,-118.2711643,OK,nominatim,2026-02-04T21:46:56.982063+00:00
"4428 Broadway, San Antonio, TX",29.4669779,-98.4635436,OK,nominatim,2026-02-04T21:46:57.572319+00:00
"4441 Elm St, Phoenix, AZ",33.5067655,-112.0682966,OK,nominatim,2026-02-04T21:46:59.410868+00:00
"4455 Elm St, Chicago, IL",41.9026321,-87.6450942,OK,nominatim,2026-02-04T21:47:01.959801+00:00
"4483 Pine St, New York, NY",43.1714837,-73.6428871,OK,nominatim,2026-02-04T21:47:03.913895+00:00
"450 Maple Ave, San Jose, CA",37.3447996,-121.9307803,OK,nominatim,2026-02-04T21:47:04.529848+00:00
"4511 Elm St, Los Angeles, CA",34.0988101,-118.2314818,OK,nominatim,2026-02-04T21:47:06.512127+00:00
"4528 Broadway, Houston, TX",29.6815591,-95.277436,OK,nominatim,2026-02-04T21:47:08.837701+00:00
"4533 Oak St, Phoenix, AZ",33.4728477,-111.984228,OK,nominatim,2026-02-04T21:47:10.264148+00:00
"4559 Main St, San Diego, CA",32.5948374,-117.032514,OK,nominatim,2026-02-04T21:47:13.176720+00:00
"457 Pine St, Houston, TX",31.4857021,-95.4810112,OK,nominatim,2026-02-04T21:47:14.050717+00:00
"4602 Main St, Phoenix, AZ",33.6244021,-111.9323472,OK,nominatim,2026-02-04T21:47:20.932726+00:00
"4606 Main St, Dallas, TX",32.9033402,-96.5586215,OK,nominatim,2026-02-04T21:47:22.224391+00:00
"461 Main St, Philadelphia, PA",40.025863,-75.2246078,OK,nominatim,2026-02-04T21:47:24.200289+00:00
"4622 Main St, San Antonio, TX",29.4209395,-98.4946608,OK,nominatim,2026-02-04T21:47:27.587203+00:00
"464 Oak St, Phoenix, AZ",33.4730222,-111.9920617,OK,nominatim,2026-02-04T21:47:31.059573+00:00
"4651 Pine St, Chicago, IL",41.8882774,-88.1960962,OK,nominatim,2026-02-04T21:47:32.488414+00:00
"4673 Oak St, Chicago, IL",41.5015492,-87.6390905,OK,nominatim,2026-02-04T21:47:33.611122+00:00
"4695 Elm St, San Jose, CA",37.3398738,-121.9170621,OK,nominatim,2026-02-04T21:47:37.092582+00:00
"4699 Broadway, Dallas, TX",32.857642,-96.60259,OK,nominatim,2026-02-04T21:47:38.528802+00:00
"47 Elm St, San Antonio, TX",29.4271653,-98.4820651,OK,nominatim,2026-02-04T21:47:41.294519+00:00
"4735 Main St, Houston, TX",29.7317417,-95.384761,OK,nominatim,2026-02-04T21:47:42.929242+00:00
"474 Main St, Houston, TX",30.0957095,-95.1723598,OK,nominatim,2026-02-04T21:47:44.048228+00:00
"4745 Oak St, New York, NY",40.705505,-73.7193805,OK,nominatim,2026-02-04T21:47:45.798015+00:00
"4758 Pine St, Philadelphia, PA",39.9523659,-75.2175203,OK,nominatim,2026-02-04T21:47:47.026569+00:00
"477 Maple Ave, Dallas, TX",32.8267444,-96.84291,OK,nominatim,2026-02-04T21:47:47.541001+00:00
"4785 Main St, San Antonio, TX",29.4209395,-98.4946608,OK,nominatim,2026-02-04T21:47:51.533216+00:00
"4785 Pine St, Phoenix, AZ",,,NOT_FOUND,nominatim,2026-02-04T21:47:53.169774+00:00
"4786 Oak St, San Jose, CA",37.3208036,-121.8833144,OK,nominatim,2026-02-04T21:47:54.501928+00:00
"4791 Broadway, San Antonio, TX",29.5374195,-98.4487658,OK,nominatim,2026-02-04T21:47:55.218007+00:00
"48 Main St, Philadelphia, PA",40.025863,-75.2246078,OK,nominatim,2026-02-04T21:47:57.470150+00:00
"480 Broadway, Houston, TX",29.7230909,-95.2785898,OK,nominatim,2026-02-04T21:47:58.699352+00:00
"480 Elm St, San Antonio, TX",29.4257263,-98.4819478,OK,nominatim,2026-02-04T21:47:59.828990+00:00
"4819 Oak St, San Antonio, TX",29.439414,-98.475854,OK,nominatim,2026-02-04T21:48:00.774149+00:00
"4833 Maple Ave, Philadelphia, PA",40.1322291,-75.0166959,OK,nominatim,2026-02-04T21:48:01.669394+00:00
"4853 Broadway, Philadelphia, PA",,,NOT_FOUND,nominatim,2026-02-04T21:48:04.917116+00:00
"4876 Main St, San Antonio, TX",29.4209395,-98.4946608,OK,nominatim,2026-02-04T21:48:09.451646+00:00
"4881 Maple Ave, Houston, TX",,,NOT_FOUND,nominatim,2026-02-04T21:48:10.928975+00:00
"4888 Oak St, Chicago, IL",41.8718996,-88.1960474,OK,nominatim,2026-02-04T21:48:12.421234+00:00
"4891 Oak St, Philadelphia, PA",,,NOT_FOUND,nominatim,2026-02-04T21:48:15.054278+00:00
"4895 Maple Ave, San Jose, CA",37.3447996,-121.9307803,OK,nominatim,2026-02-04T21:48:16.013806+00:00
"4898 Oak St, Chicago, IL",41.8718996,-88.1960474,OK,nominatim,2026-02-04T21:48:17.338645+00:00
"4899 Pine St, Los Angeles, CA",34.005467,-118.090424,OK,nominatim,2026-02-04T21:48:18.565800+00:00
"4901 Oak St, New York, NY",40.705505,-73.7193805,OK,nominatim,2026-02-04T21:48:20.306697+00:00
"4907 Pine St, San Diego, CA",32.7683839,-117.0174785,OK,nominatim,2026-02-04T21:48:21.535421+00:00
"4909 Main St, Phoenix, AZ",33.6244021,-111.9323472,OK,nominatim,2026-02-04T21:48:27.782031+00:00
"4917 Broadway, Houston, TX",29.6813364,-95.2772415,OK,nominatim,2026-02-04T21:48:30.137813+00:00
"4932 Maple Ave, San Antonio, TX",,,NOT_FOUND,nominatim,2026-02-04T21:48:32.472211+00:00
"4959 Pine St, San Jose, CA",37.5246495,-121.9219152,OK,nominatim,2026-02-04T21:48:35.293296+00:00
"4967 Broadway, Philadelphia, PA",,,NOT_FOUND,nominatim,2026-02-04T21:48:36.999133+00:00
"4970 Broadway, Phoenix, AZ",33.4079399,-112.1048051,OK,nominatim,2026-02-04T21:48:39.865806+00:00
"4972 Broadway, New York, NY",40.867993,-73.919868,OK,nominatim,2026-02-04T21:48:41.708215+00:00
"4973 Elm St, Philadelphia, PA",,,NOT_FOUND,nominatim,2026-02-04T21:48:44.575015+00:00
"4975 Broadway, Los Angeles, CA",33.9199439,-118.3654832,OK,nominatim,2026-02-04T21:48:45.159219+00:00
"4998 Pine St, San Antonio, TX",29.585706,-98.3748479,OK,nominatim,2026-02-04T21:48:48.953589+00:00
"5003 Oak St, San Jose, CA",37.3208036,-121.8833144,OK,nominatim,2026-02-04T21:48:49.906065+00:00
"5009 Elm St, Houston, TX",29.7127696,-95.4868163,OK,nominatim,2026-02-04T21:48:51.129761+00:00
"5022 Elm St, San Diego, CA",32.7242122,-117.0865407,OK,nominatim,2026-02-04T21:48:52.974142+00:00
"5042 Maple Ave, New York, NY",43.5679251,-76.1248691,OK,nominatim,2026-02-04T21:48:54.817166+00:00
"5053 Pine St, Philadelphia, PA",39.9532498,-75.2232939,OK,nominatim,2026-02-04T21:48:55.841050+00:00
"5055 Elm St, San Antonio, TX",29.4271653,-98.4820651,OK,nominatim,2026-02-04T21:48:57.006275+00:00
"5074 Oak St, Los Angeles, CA",33.9667234,-118.1766642,OK,nominatim,2026-02-04T21:48:58.261824+00:00
"5083 Pine St, Chicago, IL",41.8882774,-88.1960962,OK,nominatim,2026-02-04T21:48:59.365586+00:00
"5111 Broadway, Chicago, IL",41.518221,-87.640153,OK,nominatim,2026-02-04T21:48:59.899946+00:00
"5115 Broadway, San Jose, CA",37.3118787,-121.9000864,OK,nominatim,2026-02-04T21:49:02.497010+00:00
"5118 Broadway, Houston, TX",29.681216,-95.2774276,OK,nominatim,2026-02-04T21:49:04.033737+00:00
"5120 Elm St, San Diego, CA",32.724392,-117.1260354,OK,nominatim,2026-02-04T21:49:05.351951+00:00
"5120 Oak St, Philadelphia, PA",,,NOT_FOUND,nominatim,2026-02-04T21:49:07.923904+00:00
"5125 Maple Ave, San Jose, CA",37.3447996,-121.9307803,OK,nominatim,2026-02-04T21:49:08.845854+00:00
"5135 Pine St, San Antonio, TX",29.4488125,-98.4702282,OK,nominatim,2026-02-04T21:49:09.972944+00:00
"5137 Maple Ave, San Diego, CA",33.1522863,-117.3481132,OK,nominatim,2026-02-04T21:49:10.893865+00:00
"5138 Broadway, San Jose, CA",37.3118787,-121.9000864,OK,nominatim,2026-02-04T21:49:13.378445+00:00
"5145 Broadway, San Jose, CA",37.3118787,-121.9000864,OK,nominatim,2026-02-04T21:49:16.994227+00:00
"5145 Pine St, San Antonio, TX",29.4488125,-98.4702282,OK,nominatim,2026-02-04T21:49:17.589824+00:00
"5146 Broadway, San Antonio, TX",29.474197,-98.4623379,OK,nominatim,2026-02-04T21:49:19.572139+00:00
"515 Maple Ave, San Antonio, TX",,,NOT_FOUND,nominatim,2026-02-04T21:49:21.030511+00:00
"5150 Maple Ave, San Antonio, TX",,,NOT_FOUND,nominatim,2026-02-04T21:49:22.569537+00:00
"5162 Elm St, Phoenix, AZ",33.5061835,-112.1363868,OK,nominatim,2026-02-04T21:49:23.942765+00:00
"5164 Oak St, San Jose, CA",37.3208036,-121.8833144,OK,nominatim,2026-02-04T21:49:26.666072+00:00
"5167 Elm St, San Jose, CA",37.3398738,-121.9170621,OK,nominatim,2026-02-04T21:49:27.761039+00:00
"5199 Broadway, San Jose, CA",37.3118787,-121.9000864,OK,nominatim,2026-02-04T21:49:31.169279+00:00
"5201 Elm St, Philadelphia, PA",,,NOT_FOUND,nominatim,2026-02-04T21:49:33.423295+00:00
"5209 Pine St, Chicago, IL",41.8882774,-88.1960962,OK,nominatim,2026-02-04T21:49:34.689079+00:00
"5209 Pine St, New York, NY",43.1714837,-73.6428871,OK,nominatim,2026-02-04T21:49:35.981710+00:00
"5226 Oak St, Los Angeles, CA",33.9664024,-118.1736462,OK,nominatim,2026-02-04T21:49:37.421748+00:00
"5228 Broadway, Phoenix, AZ",33.4108906,-112.1747821,OK,nominatim,2026-02-04T21:49:39.566912+00:00
"5228 Maple Ave, Dallas, TX",32.81686,-96.8309021,OK,nominatim,2026-02-04T21:49:41.416451+00:00
"5261 Elm St, New York, NY",40.6679723,-73.7244942,OK,nominatim,2026-02-04T21:49:44.592466+00:00
"5264 Oak St, Dallas, TX",32.8059513,-96.7683362,OK,nominatim,2026-02-04T21:49:45.606181+00:00
"5268 Main St, New York, NY",42.962277,-78.7583339,OK,nominatim,2026-02-04T21:49:59.896553+00:00
"5269 Main St, Los Angeles, CA",34.0247774,-118.3945328,OK,nominatim,2026-02-04T21:50:02.914472+00:00
"5270 Maple Ave, New York, NY",43.5679185,-76.1250372,OK,nominatim,2026-02-04T21:50:05.064722+00:00
"528 Maple Ave, San Antonio, TX",,,NOT_FOUND,nominatim,2026-02-04T21:50:06.929907+00:00
"528 Maple Ave, San Diego, CA",33.1522863,-117.3481132,OK,nominatim,2026-02-04T21:50:08.137614+00:00
"5284 Pine St, Los Angeles, CA",34.0076475,-118.4785343,OK,nominatim,2026-02-04T21:50:09.992540+00:00
"5295 Main St, San Diego, CA",32.699084,-117.1466848,OK,nominatim,2026-02-04T21:50:13.357979+00:00
"5300 Main St, Phoenix, AZ",33.6244021,-111.9323472,OK,nominatim,2026-02-04T21:50:20.274640+00:00
"5313 Pine St, Chicago, IL",41.8882774,-88.1960962,OK,nominatim,2026-02-04T21:50:21.550983+00:00
"5323 Elm St, San Diego, CA",32.724392,-117.1260354,OK,nominatim,2026-02-04T21:50:22.883900+00:00
"5325 Elm St, Los Angeles, CA",34.0988101,-118.2314818,OK,nominatim,2026-02-04T21:50:24.199522+00:00
"5326 Pine St, New York, NY",42.2259211,-73.7218508,OK,nominatim,2026-02-04T21:50:24.963010+00:00
"534 Oak St, New York, NY",43.1636934,-77.6298702,OK,nominatim,2026-02-04T21:50:26.877627+00:00
"535 Maple Ave, Dallas, TX",32.8267444,-96.84291,OK,nominatim,2026-02-04T21:50:27.387133+00:00
"5354 Oak St, Dallas, TX",32.8063686,-96.7678171,OK,nominatim,2026-02-04T21:50:28.923162+00:00
"5360 Elm St, Chicago, IL",41.9026321,-87.6450942,OK,nominatim,2026-02-04T21:50:30.561116+00:00
"5373 Broadway, San Jose, CA",37.3118787,-121.9000864,OK,nominatim,2026-02-04T21:50:33.225971+00:00
"5390 Pine St, Chicago, IL",41.8882774,-88.1960962,OK,nominatim,2026-02-04T21:50:34.455259+00:00
"5394 Pine St, San Antonio, TX",29.585706,-98.3748479,OK,nominatim,2026-02-04T21:50:35.373706+00:00
"5398 Oak St, Chicago, IL",41.8718996,-88.1960474,OK,nominatim,2026-02-04T21:50:37.833882+00:00
"5427 Oak St, New York, NY",40.705505,-73.7193805,OK,nominatim,2026-02-04T21:50:39.061614+00:00
"5427 Oak St, San Diego, CA",33.1874933,-117.3767689,OK,nominatim,2026-02-04T21:50:40.108237+00:00
"5432 Oak St, San Diego, CA",33.1874933,-117.3767689,OK,nominatim,2026-02-04T21:50:41.518366+00:00
"5435 Main St, Houston, TX",29.7260347,-95.3895118,OK,nominatim,2026-02-04T21:50:42.484176+00:00
"5442 Pine St, Houston, TX",29.6947524,-95.4821164,OK,nominatim,2026-02-04T21:50:43.322331+00:00
"5443 Maple Ave, Chicago, IL",41.9610823,-87.6573926,OK,nominatim,2026-02-04T21:50:44.489394+00:00
"5451 Maple Ave, Houston, TX",,,NOT_FOUND,nominatim,2026-02-04T21:50:46.267147+00:00
"5454 Main St, Houston, TX",29.7260236,-95.3895216,OK,nominatim,2026-02-04T21:50:47.273354+00:00
"5457 Pine St, San Antonio, TX",29.585706,-98.3748479,OK,nominatim,2026-02-04T21:50:48.108808+00:00
"5471 Oak St, San Jose, CA",37.3208036,-121.8833144,OK,nominatim,2026-02-04T21:50:49.507891+00:00
"5479 Maple Ave, Los Angeles, CA",34.1043029,-118.0182931,OK,nominatim,2026-02-04T21:50:50.550625+00:00
"5493 Pine St, Dallas, TX",32.7561058,-96.7611059,OK,nominatim,2026-02-04T21:50:51.451161+00:00
"5496 Main St, Los Angeles, CA",33.9307583,-118.4159731,OK,nominatim,2026-02-04T21:50:56.059714+00:00
"55 Main St, Los Angeles, CA",34.0247774,-118.3945328,OK,nominatim,2026-02-04T21:50:58.109066+00:00
"5509 Maple Ave, Phoenix, AZ",,,NOT_FOUND,nominatim,2026-02-04T21:50:59.155501+00:00
"5530 Broadway, Houston, TX",29.6809763,-95.2774218,OK,nominatim,2026-02-04T21:51:00.710463+00:00
"5533 Elm St, San Antonio, TX",29.4271653,-98.4820651,OK,nominatim,2026-02-04T21:51:13.058220+00:00
"554 Main St, Houston, TX",29.7603791,-95.3623377,OK,nominatim,2026-02-04T21:51:14.288170+00:00
"5542 Main St, Houston, TX",29.7259719,-95.3895671,OK,nominatim,2026-02-04T21:51:15.516224+00:00
"5547 Maple Ave, Dallas, TX",32.8197764,-96.8347089,OK,nominatim,2026-02-04T21:51:15.924153+00:00
"5560 Oak St, Houston, TX",29.7161496,-95.3753512,OK,nominatim,2026-02-04T21:51:17.564447+00:00
"5567 Broadway, Los Angeles, CA",34.1439394,-118.2259996,OK,nominatim,2026-02-04T21:51:18.434757+00:00
"5576 Broadway, Dallas, TX",32.8477897,-96.5967618,OK,nominatim,2026-02-04T21:51:20.329066+00:00
"5577 Broadway, Houston, TX",29.6809526,-95.2772322,OK,nominatim,2026-02-04T21:51:23.095156+00:00
"5582 Elm St, Phoenix, AZ",33.5071036,-112.1791328,OK,nominatim,2026-02-04T21:51:24.567687+00:00
"5599 Pine St, Dallas, TX",32.7561058,-96.7611059,OK,nominatim,2026-02-04T21:51:26.882199+00:00
"5613 Pine St, Houston, TX",29.6945035,-95.4888503,OK,nominatim,2026-02-04T21:51:28.930938+00:00
"5615 Broadway, Chicago, IL",41.518221,-87.640153,OK,nominatim,2026-02-04T21:51:30.976930+00:00
"5617 Oak St, Dallas, TX",32.809258,-96.7650478,OK,nominatim,2026-02-04T21:51:32.001575+00:00
"5619 Oak St, San Diego, CA",33.1874933,-117.3767689,OK,nominatim,2026-02-04T21:51:33.539619+00:00
"5634 Maple Ave, Chicago, IL",41.9610823,-87.6573926,OK,nominatim,2026-02-04T21:51:35.208952+00:00
"5650 Pine St, Dallas, TX",32.7561058,-96.7611059,OK,nominatim,2026-02-04T21:51:36.054452+00:00
"5657 Main St, Philadelphia, PA",40.025863,-75.2246078,OK,nominatim,2026-02-04T21:51:38.466568+00:00
"5673 Pine St, San Jose, CA",37.5246495,-121.9219152,OK,nominatim,2026-02-04T21:51:39.375429+00:00
"568 Main St, Philadelphia, PA",40.025863,-75.2246078,OK,nominatim,2026-02-04T21:51:41.468744+00:00
"5695 Pine St, San Diego, CA",33.1897187,-117.3789786,OK,nominatim,2026-02-04T21:51:42.408085+00:00
"570 Elm St, San Antonio, TX",29.427114,-98.4819677,OK,nominatim,2026-02-04T21:51:43.264868+00:00
"5710 Oak St, Philadelphia, PA",,,NOT_FOUND,nominatim,2026-02-04T21:51:46.242771+00:00
"5712 Maple Ave, Philadelphia, PA",40.1322291,-75.0166959,OK,nominatim,2026-02-04T21:51:47.260902+00:00
"5721 Maple Ave, San Diego, CA",33.1522863,-117.3481132,OK,nominatim,2026-02-04T21:51:49.616890+00:00
"5734 Broadway, Dallas, TX",32.8449707,-96.59565,OK,nominatim,2026-02-04T21:51:51.662863+00:00
"5736 Maple Ave, San Diego, CA",33.1522863,-117.3481132,OK,nominatim,2026-02-04T21:51:52.597367+00:00
"5737 Main St, Phoenix, AZ",33.6244021,-111.9323472,OK,nominatim,2026-02-04T21:51:58.527228+00:00
"5742 Oak St, Los Angeles, CA",33.9658281,-118.1647428,OK,nominatim,2026-02-04T21:51:59.652327+00:00
"5751 Elm St, Houston, TX",29.712741,-95.48168,OK,nominatim,2026-02-04T21:52:00.675309+00:00
"5760 Broadway, Los Angeles, CA",34.1439394,-118.2259996,OK,nominatim,2026-02-04T21:52:01.596349+00:00
"5766 Broadway, Houston, TX",29.6808391,-95.2774185,OK,nominatim,2026-02-04T21:52:03.337353+00:00
"578 Main St, Houston, TX",29.7602405,-95.3624442,OK,nominatim,2026-02-04T21:52:04.258902+00:00
"5782 Main St, San Jose, CA",37.3690131,-121.8763491,OK,nominatim,2026-02-04T21:52:06.411054+00:00
"5798 Oak St, Los Angeles, CA",33.9658227,-118.1646933,OK,nominatim,2026-02-04T21:52:09.175863+00:00
"5811 Pine St, Houston, TX",29.6944956,-95.4898122,OK,nominatim,2026-02-04T21:52:09.994983+00:00
"5818 Main St, Chicago, IL",42.321606,-87.840598,OK,nominatim,2026-02-04T21:52:12.555416+00:00
"5822 Main St, Phoenix, AZ",33.6244021,-111.9323472,OK,nominatim,2026-02-04T21:52:19.147907+00:00
"5825 Maple Ave, Dallas, TX",32.822269,-96.8376952,OK,nominatim,2026-02-04T21:52:19.500411+00:00
"5842 Broadway, San Jose, CA",37.3118787,-121.9000864,OK,nominatim,2026-02-04T21:52:22.385553+00:00
"5846 Pine St, Phoenix, AZ",,,NOT_FOUND,nominatim,2026-02-04T21:52:24.536123+00:00
"5851 Oak St, Philadelphia, PA",,,NOT_FOUND,nominatim,2026-02-04T21:52:28.734414+00:00
"5881 Oak St, Los Angeles, CA",33.9658147,-118.1646199,OK,nominatim,2026-02-04T21:52:29.962836+00:00
"5884 Maple Ave, San Jose, CA",37.3447996,-121.9307803,OK,nominatim,2026-02-04T21:52:31.805046+00:00
"5898 Broadway, Chicago, IL",41.518221,-87.640153,OK,nominatim,2026-02-04T21:52:32.422221+00:00
"5906 Oak St, Chicago, IL",41.8718996,-88.1960474,OK,nominatim,2026-02-04T21:52:34.155691+00:00
"5907 Elm St, San Jose, CA",37.3398738,-121.9170621,OK,nominatim,2026-02-04T21:52:35.183467+00:00
"5908 Pine St, Los Angeles, CA",34.0076475,-118.4785343,OK,nominatim,2026-02-04T21:52:36.618501+00:00
"5909 Main St, Chicago, IL",42.321606,-87.840598,OK,nominatim,2026-02-04T21:52:38.564960+00:00
"5913 Broadway, Chicago, IL",41.518221,-87.640153,OK,nominatim,2026-02-04T21:52:40.307976+00:00
"5919 Oak St, Phoenix, AZ",33.4726786,-111.963521,OK,nominatim,2026-02-04T21:52:42.963021+00:00
"592 Broadway, Dallas, TX",32.8437143,-96.5941323,OK,nominatim,2026-02-04T21:52:45.731803+00:00
"5922 Broadway, Dallas, TX",32.843475,-96.5956792,OK,nominatim,2026-02-04T21:52:47.249187+00:00
"5938 Main St, Los Angeles, CA",33.9168849,-118.1639027,OK,nominatim,2026-02-04T21:52:50.448775+00:00
"5941 Main St, San Diego, CA",32.699084,-117.1466848,OK,nominatim,2026-02-04T21:52:53.624938+00:00
"5977 Main St, San Jose, CA",37.3690131,-121.8763491,OK,nominatim,2026-02-04T21:52:55.663277+00:00
"6011 Broadway, Houston, TX",29.6807002,-95.2772261,OK,nominatim,2026-02-04T21:52:57.103717+00:00
"6017 Main St, Chicago, IL",42.321606,-87.840598,OK,nominatim,2026-02-04T21:52:59.169100+00:00
"6020 Elm St, Philadelphia, PA",,,NOT_FOUND,nominatim,2026-02-04T21:53:01.913354+00:00
"6046 Main St, New York, NY",42.1960578,-74.1354019,OK,nominatim,2026-02-04T21:53:16.980478+00:00
"6060 Elm St, Phoenix, AZ",33.507146,-112.188523,OK,nominatim,2026-02-04T21:53:18.665730+00:00
"6063 Broadway, San Jose, CA",37.3118787,-121.9000864,OK,nominatim,2026-02-04T21:53:21.988958+00:00
"6077 Main St, Houston, TX",29.7209292,-95.3935373,OK,nominatim,2026-02-04T21:53:24.133351+00:00
"6079 Broadway, Los Angeles, CA",34.1439394,-118.2259996,OK,nominatim,2026-02-04T21:53:24.748323+00:00
"6079 Elm St, Chicago, IL",41.9026321,-87.6450942,OK,nominatim,2026-02-04T21:53:26.593201+00:00
"6119 Broadway, Phoenix, AZ",33.4081742,-112.1943845,OK,nominatim,2026-02-04T21:53:30.182200+00:00
"6120 Main St, Philadelphia, PA",40.025863,-75.2246078,OK,nominatim,2026-02-04T21:53:32.535861+00:00
"6124 Broadway, Philadelphia, PA",,,NOT_FOUND,nominatim,2026-02-04T21:53:34.142599+00:00
"6126 Elm St, San Jose, CA",37.3398738,-121.9170621,OK,nominatim,2026-02-04T21:53:35.611681+00:00
"6143 Pine St, Phoenix, AZ",,,NOT_FOUND,nominatim,2026-02-04T21:53:37.344143+00:00
"6179 Broadway, Los Angeles, CA",34.1439394,-118.2259996,OK,nominatim,2026-02-04T21:53:38.365259+00:00
"618 Broadway, San Diego, CA",32.8077666,-116.9549894,OK,nominatim,2026-02-04T21:53:39.285430+00:00
"6180 Elm St, San Diego, CA",32.724392,-117.1260354,OK,nominatim,2026-02-04T21:53:41.130775+00:00
"62 Oak St, Phoenix, AZ",33.4730038,-112.0725491,OK,nominatim,2026-02-04T21:53:44.424086+00:00
"6200 Pine St, San Jose, CA",37.5246495,-121.9219152,OK,nominatim,2026-02-04T21:53:46.369793+00:00
"6221 Elm St, San Diego, CA",32.724392,-117.1260354,OK,nominatim,2026-02-04T21:53:47.597062+00:00
"6231 Oak St, Los Angeles, CA",34.1191219,-118.3238844,OK,nominatim,2026-02-04T21:53:49.231926+00:00
"6284 Pine St, Phoenix, AZ",,,NOT_FOUND,nominatim,2026-02-04T21:53:51.252506+00:00
"6286 Broadway, New York, NY",40.8984206,-73.8971764,OK,nominatim,2026-02-04T21:53:52.804079+00:00
"6289 Main St, Phoenix, AZ",33.6244021,-111.9323472,OK,nominatim,2026-02-04T21:53:59.478327+00:00
"630 Broadway, Los Angeles, CA",34.0170298,-118.4910167,OK,nominatim,2026-02-04T21:54:00.079102+00:00
"6327 Maple Ave, Dallas, TX",32.8259297,-96.8420685,OK,nominatim,2026-02-04T21:54:01.070200+00:00
"6344 Elm St, San Antonio, TX",29.4271653,-98.4820651,OK,nominatim,2026-02-04T21:54:02.484371+00:00
"635 Oak St, Chicago, IL",41.8999841,-87.6440764,OK,nominatim,2026-02-04T21:54:03.844429+00:00
"6355 Oak St, Chicago, IL",41.8718996,-88.1960474,OK,nominatim,2026-02-04T21:54:05.306823+00:00
"6362 Maple Ave, San Antonio, TX",,,NOT_FOUND,nominatim,2026-02-04T21:54:07.554890+00:00
"6382 Broadway, Philadelphia, PA",,,NOT_FOUND,nominatim,2026-02-04T21:54:09.497581+00:00
"6392 Pine St, San Jose, CA",37.5246495,-121.9219152,OK,nominatim,2026-02-04T21:54:10.533340+00:00
"6393 Pine St, Houston, TX",29.6945923,-95.488777,OK,nominatim,2026-02-04T21:54:11.443936+00:00
"6401 Elm St, Phoenix, AZ",33.5061835,-112.1363868,OK,nominatim,2026-02-04T21:54:13.188473+00:00
"6408 Elm St, San Diego, CA",32.724392,-117.1260354,OK,nominatim,2026-02-04T21:54:14.931135+00:00
"6420 Pine St, San Diego, CA",32.7561562,-117.1860064,OK,nominatim,2026-02-04T21:54:16.130681+00:00
"6426 Main St, Dallas, TX",32.7853666,-96.7763713,OK,nominatim,2026-02-04T21:54:17.379961+00:00
"643 Elm St, San Diego, CA",33.0536651,-116.861577,OK,nominatim,2026-02-04T21:54:19.326001+00:00
"6456 Maple Ave, Houston, TX",,,NOT_FOUND,nominatim,2026-02-04T21:54:21.679601+00:00
"6459 Maple Ave, Houston, TX",,,NOT_FOUND,nominatim,2026-02-04T21:54:23.011491+00:00
"6466 Pine St, San Diego, CA",32.7561562,-117.1860064,OK,nominatim,2026-02-04T21:54:25.264146+00:00
"648 Maple Ave, Philadelphia, PA",40.1293493,-75.0116703,OK,nominatim,2026-02-04T21:54:25.674450+00:00
"6481 Main St, Chicago, IL",42.321606,-87.840598,OK,nominatim,2026-02-04T21:54:28.010926+00:00
"6487 Maple Ave, New York, NY",43.5677159,-76.1259304,OK,nominatim,2026-02-04T21:54:29.257883+00:00
"6490 Broadway, San Antonio, TX",29.4995673,-98.4665716,OK,nominatim,2026-02-04T21:54:30.047308+00:00
"6494 Maple Ave, San Antonio, TX",,,NOT_FOUND,nominatim,2026-02-04T21:54:31.818262+00:00
"6497 Oak St, Chicago, IL",41.5015492,-87.6390905,OK,nominatim,2026-02-04T21:54:33.252581+00:00
"6536 Elm St, San Antonio, TX",29.4271653,-98.4820651,OK,nominatim,2026-02-04T21:54:33.967144+00:00
"6556 Broadway, San Jose, CA",37.3118787,-121.9000864,OK,nominatim,2026-02-04T21:54:38.371354+00:00
"656 Oak St, Chicago, IL",41.8999709,-87.6445264,OK,nominatim,2026-02-04T21:54:39.807692+00:00
"6560 Elm St, Los Angeles, CA",34.0988101,-118.2314818,OK,nominatim,2026-02-04T21:54:41.443926+00:00
"657 Elm St, San Antonio, TX",29.4286331,-98.4820745,OK,nominatim,2026-02-04T21:54:44.105589+00:00
"6572 Broadway, Los Angeles, CA",34.1439394,-118.2259996,OK,nominatim,2026-02-04T21:54:46.195655+00:00
"6596 Broadway, San Jose, CA",37.3118787,-121.9000864,OK,nominatim,2026-02-04T21:54:48.197583+00:00
"6599 Main St, Philadelphia, PA",40.025863,-75.2246078,OK,nominatim,2026-02-04T21:54:50.558064+00:00
"6601 Pine St, San Jose, CA",37.5246495,-121.9219152,OK,nominatim,2026-02-04T21:54:51.680717+00:00
"6609 Maple Ave, Chicago, IL",41.9610823,-87.6573926,OK,nominatim,2026-02-04T21:54:52.605185+00:00
"6626 Elm St, Dallas, TX",32.7860508,-96.7767557,OK,nominatim,2026-02-04T21:54:53.730964+00:00
"6634 Broadway, Phoenix, AZ",33.4084666,-112.2025811,OK,nominatim,2026-02-04T21:54:56.522348+00:00
"6646 Pine St, Chicago, IL",41.8882774,-88.1960962,OK,nominatim,2026-02-04T21:54:57.521096+00:00
"6654 Main St, Dallas, TX",32.7853666,-96.7763713,OK,nominatim,2026-02-04T21:54:59.036739+00:00
"6659 Maple Ave, Los Angeles, CA",34.0381711,-118.2541872,OK,nominatim,2026-02-04T21:54:59.978836+00:00
"666 Elm St, Houston, TX",29.7127696,-95.4868163,OK,nominatim,2026-02-04T21:55:00.900823+00:00
"6665 Maple Ave, Philadelphia, PA",40.1322291,-75.0166959,OK,nominatim,2026-02-04T21:55:03.259865+00:00
"6668 Maple Ave, San Diego, CA",33.1522863,-117.3481132,OK,nominatim,2026-02-04T21:55:05.201812+00:00
"667 Elm St, New York, NY",42.8979396,-78.8650775,OK,nominatim,2026-02-04T21:55:07.045464+00:00
"6671 Main St, Philadelphia, PA",40.025863,-75.2246078,OK,nominatim,2026-02-04T21:55:10.480835+00:00
"6696 Elm St, New York, NY",40.6679723,-73.7244942,OK,nominatim,2026-02-04T21:55:11.651558+00:00
"6718 Main St, Houston, TX",29.708417,-95.4034406,OK,nominatim,2026-02-04T21:55:13.392839+00:00
"6725 Pine St, San Diego, CA",33.1897187,-117.3789786,OK,nominatim,2026-02-04T21:55:14.445387+00:00
"673 Main St, Dallas, TX",32.7791935,-96.8064109,OK,nominatim,2026-02-04T21:55:15.748413+00:00
"6737 Pine St, Los Angeles, CA",34.0076475,-118.4785343,OK,nominatim,2026-02-04T21:55:16.776161+00:00
"6741 Pine St, San Jose, CA",37.5246495,-121.9219152,OK,nominatim,2026-02-04T21:55:18.102121+00:00
"6744 Main St, Chicago, IL",42.321606,-87.840598,OK,nominatim,2026-02-04T21:55:19.664809+00:00
"6745 Maple Ave, Chicago, IL",41.6763153,-87.6855734,OK,nominatim,2026-02-04T21:55:20.564302+00:00
"675 Main St, New York, NY",40.7574088,-73.5591211,OK,nominatim,2026-02-04T21:55:36.434579+00:00
"6755 Oak St, Phoenix, AZ",33.7346935,-112.114031,OK,nominatim,2026-02-04T21:55:38.765892+00:00
"6760 Oak St, New York, NY",40.705505,-73.7193805,OK,nominatim,2026-02-04T21:55:40.178699+00:00
"6764 Broadway, Philadelphia, PA",,,NOT_FOUND,nominatim,2026-02-04T21:55:41.792112+00:00
"6772 Elm St, Philadelphia, PA",,,NOT_FOUND,nominatim,2026-02-04T21:55:44.679280+00:00
"6777 Main St, New York, NY",42.9649609,-78.7017285,OK,nominatim,2026-02-04T21:55:46.695203+00:00
"6781 Main St, Philadelphia, PA",40.025863,-75.2246078,OK,nominatim,2026-02-04T21:55:49.643320+00:00
"6784 Oak St, San Jose, CA",37.3208036,-121.8833144,OK,nominatim,2026-02-04T21:55:50.869728+00:00
"6788 Elm St, San Jose, CA",37.3398738,-121.9170621,OK,nominatim,2026-02-04T21:55:52.305431+00:00
"6800 Main St, Philadelphia, PA",40.025863,-75.2246078,OK,nominatim,2026-02-04T21:55:55.380782+00:00
"6803 Pine St, Chicago, IL",41.8882774,-88.1960962,OK,nominatim,2026-02-04T21:55:56.704938+00:00
"682 Broadway, Los Angeles, CA",34.0171829,-118.4908303,OK,nominatim,2026-02-04T21:55:58.653802+00:00
"682 Main St, Houston, TX",29.7594357,-95.36307,OK,nominatim,2026-02-04T21:55:59.985331+00:00
"6822 Pine St, Chicago, IL",41.8882774,-88.1960962,OK,nominatim,2026-02-04T21:56:00.975791+00:00
"683 Oak St, Los Angeles, CA",33.9552545,-118.366091,OK,nominatim,2026-02-04T21:56:02.235338+00:00
"6831 Oak St, Houston, TX",29.8356403,-95.4135008,OK,nominatim,2026-02-04T21:56:03.161743+00:00
"6839 Broadway, New York, NY",40.8680171,-73.9201375,OK,nominatim,2026-02-04T21:56:06.640898+00:00
"6840 Pine St, Chicago, IL",41.8882774,-88.1960962,OK,nominatim,2026-02-04T21:56:07.766933+00:00
"6845 Maple Ave, San Antonio, TX",,,NOT_FOUND,nominatim,2026-02-04T21:56:09.555522+00:00
"6853 Oak St, Phoenix, AZ",33.4730222,-111.9920617,OK,nominatim,2026-02-04T21:56:10.845976+00:00
"6857 Main St, Chicago, IL",42.321606,-87.840598,OK,nominatim,2026-02-04T21:56:12.888447+00:00
"6879 Pine St, Phoenix, AZ",,,NOT_FOUND,nominatim,2026-02-04T21:56:14.528728+00:00
"6882 Elm St, Dallas, TX",32.9276652,-96.5319741,OK,nominatim,2026-02-04T21:56:16.679906+00:00
"6882 Maple Ave, San Antonio, TX",,,NOT_FOUND,nominatim,2026-02-04T21:56:19.129196+00:00
"6887 Elm St, Houston, TX",29.7127696,-95.4868163,OK,nominatim,2026-02-04T21:56:20.671641+00:00
"6894 Elm St, San Jose, CA",37.3398738,-121.9170621,OK,nominatim,2026-02-04T21:56:23.331743+00:00
"6896 Oak St, Chicago, IL",41.8718996,-88.1960474,OK,nominatim,2026-02-04T21:56:24.871450+00:00
"6912 Elm St, Philadelphia, PA",,,NOT_FOUND,nominatim,2026-02-04T21:56:28.454271+00:00
"6915 Broadway, Dallas, TX",32.8436742,-96.5905706,OK,nominatim,2026-02-04T21:56:30.063405+00:00
"6916 Oak St, Chicago, IL",41.8718996,-88.1960474,OK,nominatim,2026-02-04T21:56:31.148212+00:00
"692 Broadway, Dallas, TX",32.8437036,-96.5928721,OK,nominatim,2026-02-04T21:56:32.449688+00:00
"6925 Pine St, Chicago, IL",41.8882774,-88.1960962,OK,nominatim,2026-02-04T21:56:34.234192+00:00
"6946 Main St, San Jose, CA",37.3690131,-121.8763491,OK,nominatim,2026-02-04T21:56:36.238573+00:00
"6984 Pine St, Philadelphia, PA",39.9476458,-75.1817927,OK,nominatim,2026-02-04T21:56:37.224393+00:00
"6988 Maple Ave, Dallas, TX",32.8313352,-96.8480091,OK,nominatim,2026-02-04T21:56:37.974586+00:00
"6991 Oak St, Houston, TX",29.8356403,-95.4135008,OK,nominatim,2026-02-04T21:56:39.101687+00:00
"7012 Maple Ave, Dallas, TX",32.8267444,-96.84291,OK,nominatim,2026-02-04T21:56:40.025233+00:00
"7016 Maple Ave, Philadelphia, PA",40.1322291,-75.0166959,OK,nominatim,2026-02-04T21:56:41.047791+00:00
"7051 Broadway, Los Angeles, CA",34.1439394,-118.2259996,OK,nominatim,2026-02-04T21:56:42.277131+00:00
"7079 Pine St, Chicago, IL",41.8882774,-88.1960962,OK,nominatim,2026-02-04T21:56:43.506842+00:00
"708 Pine St, Chicago, IL",41.8881631,-88.197458,OK,nominatim,2026-02-04T21:56:45.166875+00:00
"7085 Pine St, San Antonio, TX",29.585706,-98.3748479,OK,nominatim,2026-02-04T21:56:45.859543+00:00
"7090 Pine St, San Jose, CA",37.5246495,-121.9219152,OK,nominatim,2026-02-04T21:56:47.498825+00:00
"7091 Broadway, San Antonio, TX",29.5374195,-98.4487658,OK,nominatim,2026-02-04T21:56:48.315693+00:00
"7099 Pine St, Chicago, IL",41.8882774,-88.1960962,OK,nominatim,2026-02-04T21:56:51.696924+00:00
"71 Main St, New York, NY",42.7707389,-73.7015118,OK,nominatim,2026-02-04T21:56:55.141803+00:00
"7130 Oak St, Dallas, TX",32.788834,-96.7846648,OK,nominatim,2026-02-04T21:56:56.307000+00:00
"7150 Pine St, San Antonio, TX",29.4488125,-98.4702282,OK,nominatim,2026-02-04T21:56:57.533435+00:00
"7158 Maple Ave, San Jose, CA",37.3447996,-121.9307803,OK,nominatim,2026-02-04T21:56:59.793707+00:00
"7179 Maple Ave, Dallas, TX",32.807681,-96.8180326,OK,nominatim,2026-02-04T21:57:00.295733+00:00
"7183 Oak St, Philadelphia, PA",,,NOT_FOUND,nominatim,2026-02-04T21:57:05.544789+00:00
"7194 Main St, San Antonio, TX",29.4209395,-98.4946608,OK,nominatim,2026-02-04T21:57:09.007291+00:00
"7198 Maple Ave, Chicago, IL",41.9610823,-87.6573926,OK,nominatim,2026-02-04T21:57:10.290989+00:00
"7205 Pine St, Philadelphia, PA",39.9476458,-75.1817927,OK,nominatim,2026-02-04T21:57:11.558762+00:00
"7215 Broadway, Chicago, IL",41.518221,-87.640153,OK,nominatim,2026-02-04T21:57:12.380510+00:00
"7232 Maple Ave, Houston, TX",,,NOT_FOUND,nominatim,2026-02-04T21:57:14.430795+00:00
"7236 Broadway, San Diego, CA",32.7426412,-117.0421237,OK,nominatim,2026-02-04T21:57:15.760865+00:00
"7247 Main St, Philadelphia, PA",40.025863,-75.2246078,OK,nominatim,2026-02-04T21:57:18.219750+00:00
"7257 Pine St, San Antonio, TX",29.585706,-98.3748479,OK,nominatim,2026-02-04T21:57:19.861640+00:00
"7265 Pine St, Philadelphia, PA",39.9476458,-75.1817927,OK,nominatim,2026-02-04T21:57:20.995549+00:00
"7270 Broadway, Dallas, TX",32.8436742,-96.5905706,OK,nominatim,2026-02-04T21:57:24.449625+00:00
"7270 Broadway, Houston, TX",29.6799644,-95.2773973,OK,nominatim,2026-02-04T21:57:27.326147+00:00
"7297 Oak St, Houston, TX",29.8356403,-95.4135008,OK,nominatim,2026-02-04T21:57:28.255165+00:00
"7298 Oak St, Los Angeles, CA",34.0405066,-118.2746619,OK,nominatim,2026-02-04T21:57:29.788816+00:00
"7305 Broadway, New York, NY",43.2859637,-73.5864747,OK,nominatim,2026-02-04T21:57:30.911925+00:00
"7327 Elm St, New York, NY",42.8977338,-78.8652616,OK,nominatim,2026-02-04T21:57:33.655489+00:00
"7344 Broadway, Phoenix, AZ",33.4085363,-112.2180686,OK,nominatim,2026-02-04T21:57:36.654485+00:00
"7355 Broadway, Houston, TX",29.6799185,-95.2772071,OK,nominatim,2026-02-04T21:57:38.605100+00:00
"736 Maple Ave, Los Angeles, CA",33.8397205,-118.3399549,OK,nominatim,2026-02-04T21:57:40.130717+00:00
"7381 Pine St, New York, NY",43.1714837,-73.6428871,OK,nominatim,2026-02-04T21:57:42.393561+00:00
"7385 Pine St, Phoenix, AZ",,,NOT_FOUND,nominatim,2026-02-04T21:57:44.434450+00:00
"7386 Main St, New York, NY",42.708415,-73.6985553,OK,nominatim,2026-02-04T21:57:49.265357+00:00
"7401 Main St, New York, NY",43.1832475,-75.013341,OK,nominatim,2026-02-04T21:57:52.010026+00:00
"7402 Broadway, San Diego, CA",32.742535,-117.0384038,OK,nominatim,2026-02-04T21:57:52.729448+00:00
"7411 Pine St, Los Angeles, CA",34.0076475,-118.4785343,OK,nominatim,2026-02-04T21:57:54.364877+00:00
"743 Broadway, Dallas, TX",32.8438522,-96.5921021,OK,nominatim,2026-02-04T21:57:56.311088+00:00
"7437 Main St, Chicago, IL",42.321606,-87.840598,OK,nominatim,2026-02-04T21:58:01.130521+00:00
"7437 Main St, San Jose, CA",37.3690131,-121.8763491,OK,nominatim,2026-02-04T21:58:03.689092+00:00
"7445 Elm St, San Jose, CA",37.3398738,-121.9170621,OK,nominatim,2026-02-04T21:58:05.325092+00:00
"7447 Elm St, Los Angeles, CA",34.0988101,-118.2314818,OK,nominatim,2026-02-04T21:58:07.577232+00:00
"7456 Elm St, San Diego, CA",32.724392,-117.1260354,OK,nominatim,2026-02-04T21:58:09.317802+00:00
"7462 Main St, San Diego, CA",32.699084,-117.1466848,OK,nominatim,2026-02-04T21:58:11.570917+00:00
"7473 Pine St, Chicago, IL",41.8882774,-88.1960962,OK,nominatim,2026-02-04T21:58:14.436310+00:00
"7478 Maple Ave, San Antonio, TX",,,NOT_FOUND,nominatim,2026-02-04T21:58:15.948575+00:00
"7480 Broadway, Dallas, TX",32.8436742,-96.5905706,OK,nominatim,2026-02-04T21:58:19.454726+00:00
"7516 Broadway, Houston, TX",29.6798213,-95.2773938,OK,nominatim,2026-02-04T21:58:24.268147+00:00
"7516 Oak St, San Diego, CA",33.1874933,-117.3767689,OK,nominatim,2026-02-04T21:58:25.600234+00:00
"7543 Oak St, San Diego, CA",33.1874933,-117.3767689,OK,nominatim,2026-02-04T21:58:26.931363+00:00
"7548 Oak St, San Jose, CA",37.3208036,-121.8833144,OK,nominatim,2026-02-04T21:58:29.593232+00:00
"7559 Elm St, San Diego, CA",32.724392,-117.1260354,OK,nominatim,2026-02-04T21:58:32.111757+00:00
"7575 Main St, New York, NY",42.5369583,-74.8832618,OK,nominatim,2026-02-04T21:58:37.272635+00:00
"7578 Elm St, San Antonio, TX",29.4271653,-98.4820651,OK,nominatim,2026-02-04T21:58:38.308519+00:00
"7582 Elm St, Los Angeles, CA",34.0988101,-118.2314818,OK,nominatim,2026-02-04T21:58:41.372813+00:00
"7583 Pine St, San Jose, CA",37.5246495,-121.9219152,OK,nominatim,2026-02-04T21:58:43.723536+00:00
"7584 Oak St, Houston, TX",29.6793439,-95.290236,OK,nominatim,2026-02-04T21:58:44.848657+00:00
"7591 Pine St, San Antonio, TX",29.4488125,-98.4702282,OK,nominatim,2026-02-04T21:58:45.563946+00:00
"7594 Broadway, Chicago, IL",41.518221,-87.640153,OK,nominatim,2026-02-04T21:58:48.179147+00:00
"7597 Oak St, New York, NY",40.705505,-73.7193805,OK,nominatim,2026-02-04T21:58:49.648432+00:00
"7610 Maple Ave, Los Angeles, CA",34.0145332,-118.2711643,OK,nominatim,2026-02-04T21:58:50.867892+00:00
"7610 Oak St, New York, NY",40.705505,-73.7193805,OK,nominatim,2026-02-04T21:58:52.017135+00:00
"7634 Maple Ave, Phoenix, AZ",,,NOT_FOUND,nominatim,2026-02-04T21:58:53.654809+00:00
"7635 Main St, San Antonio, TX",29.4209395,-98.4946608,OK,nominatim,2026-02-04T21:58:57.094513+00:00
"7647 Pine St, Phoenix, AZ",,,NOT_FOUND,nominatim,2026-02-04T21:59:00.347918+00:00
"7673 Broadway, New York, NY",40.8680171,-73.9201375,OK,nominatim,2026-02-04T21:59:02.516118+00:00
"7680 Main St, Houston, TX",29.6971104,-95.4124052,OK,nominatim,2026-02-04T21:59:03.996213+00:00
"7698 Broadway, San Jose, CA",37.3118787,-121.9000864,OK,nominatim,2026-02-04T21:59:07.481131+00:00
"7702 Maple Ave, Philadelphia, PA",40.1322291,-75.0166959,OK,nominatim,2026-02-04T21:59:08.427478+00:00
"771 Elm St, New York, NY",43.2247349,-75.463554,OK,nominatim,2026-02-04T21:59:11.063126+00:00
"7745 Broadway, Los Angeles, CA",34.1439394,-118.2259996,OK,nominatim,2026-02-04T21:59:13.467291+00:00
"7779 Main St, Dallas, TX",32.7853666,-96.7763713,OK,nominatim,2026-02-04T21:59:16.557279+00:00
"779 Pine St, Los Angeles, CA",34.0079158,-118.4781741,OK,nominatim,2026-02-04T21:59:17.822164+00:00
"7804 Maple Ave, Chicago, IL",41.6763153,-87.6855734,OK,nominatim,2026-02-04T21:59:18.496556+00:00
"7806 Maple Ave, Phoenix, AZ",,,NOT_FOUND,nominatim,2026-02-04T21:59:20.209146+00:00
"7809 Oak St, Los Angeles, CA",34.0405066,-118.2746619,OK,nominatim,2026-02-04T21:59:21.303428+00:00
"7820 Main St, Chicago, IL",42.321606,-87.840598,OK,nominatim,2026-02-04T21:59:23.959655+00:00
"7825 Pine St, Philadelphia, PA",39.9476458,-75.1817927,OK,nominatim,2026-02-04T21:59:26.205441+00:00
"7853 Oak St, Los Angeles, CA",34.0405066,-118.2746619,OK,nominatim,2026-02-04T21:59:28.649087+00:00
"7858 Pine St, Philadelphia, PA",39.9476458,-75.1817927,OK,nominatim,2026-02-04T21:59:29.964277+00:00
"786 Oak St, Dallas, TX",32.7885021,-96.7841311,OK,nominatim,2026-02-04T21:59:30.929241+00:00
"7866 Main St, New York, NY",42.8352107,-75.982494,OK,nominatim,2026-02-04T21:59:35.551501+00:00
"7867 Pine St, Los Angeles, CA",34.0076475,-118.4785343,OK,nominatim,2026-02-04T21:59:37.073426+00:00
"7884 Elm St, San Jose, CA",37.3398738,-121.9170621,OK,nominatim,2026-02-04T21:59:42.688802+00:00
"7902 Pine St, Philadelphia, PA",39.9504606,-75.2014481,OK,nominatim,2026-02-04T21:59:44.241414+00:00
"7921 Pine St, Los Angeles, CA",34.0076475,-118.4785343,OK,nominatim,2026-02-04T21:59:46.736142+00:00
"7923 Broadway, San Jose, CA",37.3118787,-121.9000864,OK,nominatim,2026-02-04T21:59:48.875921+00:00
"7926 Elm St, Philadelphia, PA",,,NOT_FOUND,nominatim,2026-02-04T21:59:51.407634+00:00
"7939 Main St, Phoenix, AZ",33.6244021,-111.9323472,OK,nominatim,2026-02-04T21:59:57.038721+00:00
"7945 Main St, New York, NY",42.6407389,-77.868227,OK,nominatim,2026-02-04T22:00:01.360543+00:00
"7946 Broadway, San Diego, CA",32.743117,-117.027757,OK,nominatim,2026-02-04T22:00:02.263177+00:00
"795 Pine St, San Diego, CA",33.0529482,-116.8712494,OK,nominatim,2026-02-04T22:00:06.461623+00:00
"7950 Pine St, Phoenix, AZ",,,NOT_FOUND,nominatim,2026-02-04T22:00:08.714545+00:00
"7953 Main St, San Jose, CA",37.3690131,-121.8763491,OK,nominatim,2026-02-04T22:00:10.634877+00:00
"7956 Maple Ave, San Antonio, TX",,,NOT_FOUND,nominatim,2026-02-04T22:00:14.654144+00:00
"7966 Oak St, Los Angeles, CA",34.0405066,-118.2746619,OK,nominatim,2026-02-04T22:00:19.082261+00:00
"7974 Broadway, Phoenix, AZ",33.4079399,-112.1048051,OK,nominatim,2026-02-04T22:00:21.822338+00:00
"7978 Pine St, San Diego, CA",32.7561562,-117.1860064,OK,nominatim,2026-02-04T22:00:23.954699+00:00
"7997 Main St, Dallas, TX",32.7853666,-96.7763713,OK,nominatim,2026-02-04T22:00:26.124467+00:00
"8010 Pine St, San Jose, CA",37.5246495,-121.9219152,OK,nominatim,2026-02-04T22:00:32.881469+00:00
"8014 Elm St, Houston, TX",29.721643,-95.279487,OK,nominatim,2026-02-04T22:00:33.976613+00:00
"8019 Pine St, Los Angeles, CA",34.0076475,-118.4785343,OK,nominatim,2026-02-04T22:00:35.103244+00:00
"8033 Maple Ave, Philadelphia, PA",40.1322291,-75.0166959,OK,nominatim,2026-02-04T22:00:35.954229+00:00
"8034 Maple Ave, New York, NY",41.2676699,-73.6636209,OK,nominatim,2026-02-04T22:00:38.613709+00:00
"805 Main St, San Diego, CA",33.0437263,-116.865637,OK,nominatim,2026-02-04T22:00:41.469806+00:00
"8067 Main St, Phoenix, AZ",33.6244021,-111.9323472,OK,nominatim,2026-02-04T22:00:51.108372+00:00
"8072 Elm St, Dallas, TX",32.7860508,-96.7767557,OK,nominatim,2026-02-04T22:00:53.668476+00:00
"8074 Elm St, Houston, TX",29.7216473,-95.2788399,OK,nominatim,2026-02-04T22:00:54.591001+00:00
"8093 Main St, Dallas, TX",32.7853666,-96.7763713,OK,nominatim,2026-02-04T22:00:55.922027+00:00
"8096 Elm St, New York, NY",40.6679723,-73.7244942,OK,nominatim,2026-02-04T22:00:59.512005+00:00
"8103 Oak St, Philadelphia, PA",,,NOT_FOUND,nominatim,2026-02-04T22:01:03.806768+00:00
"8104 Elm St, Chicago, IL",41.9026321,-87.6450942,OK,nominatim,2026-02-04T22:01:05.957194+00:00
"8104 Main St, San Jose, CA",37.3690131,-121.8763491,OK,nominatim,2026-02-04T22:01:08.616945+00:00
"8104 Maple Ave, San Diego, CA",33.1522863,-117.3481132,OK,nominatim,2026-02-04T22:01:09.412847+00:00
"8111 Broadway, San Antonio, TX",29.5102297,-98.4662954,OK,nominatim,2026-02-04T22:01:10.178989+00:00
"8119 Maple Ave, Phoenix, AZ",,,NOT_FOUND,nominatim,2026-02-04T22:01:11.896139+00:00
"8120 Broadway, Chicago, IL",41.518221,-87.640153,OK,nominatim,2026-02-04T22:01:14.022714+00:00
"8122 Main St, San Antonio, TX",29.4209395,-98.4946608,OK,nominatim,2026-02-04T22:01:17.425349+00:00
"8148 Maple Ave, Philadelphia, PA",40.1322291,-75.0166959,OK,nominatim,2026-02-04T22:01:19.165857+00:00
"8151 Maple Ave, Philadelphia, PA",40.1322291,-75.0166959,OK,nominatim,2026-02-04T22:01:20.004770+00:00
"8151 Pine St, Los Angeles, CA",34.0076475,-118.4785343,OK,nominatim,2026-02-04T22:01:21.559784+00:00
"8155 Elm St, Houston, TX",29.7127696,-95.4868163,OK,nominatim,2026-02-04T22:01:22.340330+00:00
"8160 Main St, New York, NY",42.6321488,-77.8698286,OK,nominatim,2026-02-04T22:01:27.143624+00:00
"8160 Oak St, Houston, TX",29.8356403,-95.4135008,OK,nominatim,2026-02-04T22:01:27.974674+00:00
"8168 Elm St, Chicago, IL",41.9026321,-87.6450942,OK,nominatim,2026-02-04T22:01:30.431110+00:00
"8196 Pine St, San Diego, CA",32.7561562,-117.1860064,OK,nominatim,2026-02-04T22:01:32.683514+00:00
"8198 Elm St, San Antonio, TX",29.4271653,-98.4820651,OK,nominatim,2026-02-04T22:01:33.767125+00:00
"8203 Oak St, Phoenix, AZ",33.4730222,-111.9920617,OK,nominatim,2026-02-04T22:01:36.676539+00:00
"8216 Elm St, Houston, TX",29.7127696,-95.4868163,OK,nominatim,2026-02-04T22:01:37.667174+00:00
"8226 Broadway, Phoenix, AZ",33.4079399,-112.1048051,OK,nominatim,2026-02-04T22:01:41.718105+00:00
"823 Broadway, Phoenix, AZ",33.4066274,-112.0833068,OK,nominatim,2026-02-04T22:01:44.664811+00:00
"8231 Maple Ave, Houston, TX",,,NOT_FOUND,nominatim,2026-02-04T22:01:46.201613+00:00
"8238 Elm St, San Antonio, TX",29.4271653,-98.4820651,OK,nominatim,2026-02-04T22:01:47.785028+00:00
"8265 Main St, Los Angeles, CA",33.9307583,-118.4159731,OK,nominatim,2026-02-04T22:01:49.681507+00:00
"8276 Elm St, New York, NY",40.6679723,-73.7244942,OK,nominatim,2026-02-04T22:01:51.423084+00:00
"8279 Maple Ave, Dallas, TX",32.8267444,-96.84291,OK,nominatim,2026-02-04T22:01:51.924477+00:00
"8280 Oak St, San Diego, CA",33.1874933,-117.3767689,OK,nominatim,2026-02-04T22:01:53.776454+00:00
"8306 Pine St, Philadelphia, PA",39.9476458,-75.1817927,OK,nominatim,2026-02-04T22:01:54.904955+00:00
"8318 Pine St, Dallas, TX",32.7561058,-96.7611059,OK,nominatim,2026-02-04T22:01:55.777240+00:00
"8335 Pine St, New York, NY",43.1714837,-73.6428871,OK,nominatim,2026-02-04T22:01:58.015139+00:00
"8349 Pine St, San Diego, CA",33.1897187,-117.3789786,OK,nominatim,2026-02-04T22:02:00.434921+00:00
"8353 Broadway, San Diego, CA",32.747379,-117.0170491,OK,nominatim,2026-02-04T22:02:01.036856+00:00
"8359 Maple Ave, Philadelphia, PA",40.1322291,-75.0166959,OK,nominatim,2026-02-04T22:02:04.428998+00:00
"8377 Main St, New York, NY",42.9649089,-78.6836832,OK,nominatim,2026-02-04T22:02:07.908532+00:00
"841 Oak St, San Antonio, TX",29.439414,-98.475854,OK,nominatim,2026-02-04T22:02:09.138450+00:00
"8414 Broadway, Philadelphia, PA",,,NOT_FOUND,nominatim,2026-02-04T22:02:11.287475+00:00
"8414 Oak St, Chicago, IL",41.8718996,-88.1960474,OK,nominatim,2026-02-04T22:02:17.342818+00:00
"8417 Maple Ave, Houston, TX",,,NOT_FOUND,nominatim,2026-02-04T22:02:19.175347+00:00
"842 Pine St, Houston, TX",29.6945923,-95.488777,OK,nominatim,2026-02-04T22:02:21.531628+00:00
"8420 Oak St, San Diego, CA",33.1874933,-117.3767689,OK,nominatim,2026-02-04T22:02:22.859675+00:00
"8435 Main St, New York, NY",42.9648746,-78.6800634,OK,nominatim,2026-02-04T22:02:28.517154+00:00
"8436 Pine St, Philadelphia, PA",39.9476458,-75.1817927,OK,nominatim,2026-02-04T22:02:31.772048+00:00
"8441 Pine St, Dallas, TX",32.7561058,-96.7611059,OK,nominatim,2026-02-04T22:02:34.020147+00:00
"8471 Oak St, Houston, TX",29.8356403,-95.4135008,OK,nominatim,2026-02-04T22:02:34.633677+00:00
"8473 Pine St, Dallas, TX",32.7561058,-96.7611059,OK,nominatim,2026-02-04T22:02:36.992855+00:00
"8475 Elm St, San Diego, CA",32.724392,-117.1260354,OK,nominatim,2026-02-04T22:02:38.734753+00:00
"8507 Main St, Philadelphia, PA",40.025863,-75.2246078,OK,nominatim,2026-02-04T22:02:42.206358+00:00
"8507 Pine St, San Jose, CA",37.5246495,-121.9219152,OK,nominatim,2026-02-04T22:02:43.244704+00:00
"8509 Pine St, Houston, TX",29.6945923,-95.488777,OK,nominatim,2026-02-04T22:02:45.284428+00:00
"8521 Maple Ave, Chicago, IL",41.9610823,-87.6573926,OK,nominatim,2026-02-04T22:02:48.772486+00:00
"8523 Maple Ave, San Antonio, TX",,,NOT_FOUND,nominatim,2026-02-04T22:02:51.428593+00:00
"8544 Oak St, San Antonio, TX",29.4649719,-98.6645906,OK,nominatim,2026-02-04T22:02:52.423233+00:00
"8560 Maple Ave, San Diego, CA",33.1522863,-117.3481132,OK,nominatim,2026-02-04T22:02:54.092347+00:00
"8565 Oak St, Los Angeles, CA",34.103995,-118.3761186,OK,nominatim,2026-02-04T22:02:56.238071+00:00
"8579 Elm St, Chicago, IL",41.9026321,-87.6450942,OK,nominatim,2026-02-04T22:02:58.497041+00:00
"858 Maple Ave, Chicago, IL",41.9610823,-87.6573926,OK,nominatim,2026-02-04T22:03:00.540293+00:00
"8585 Broadway, Phoenix, AZ",33.4079399,-112.1048051,OK,nominatim,2026-02-04T22:03:04.529990+00:00
"86 Broadway, San Antonio, TX",29.5374195,-98.4487658,OK,nominatim,2026-02-04T22:03:05.150886+00:00
"860 Pine St, Phoenix, AZ",,,NOT_FOUND,nominatim,2026-02-04T22:03:07.607025+00:00
"8601 Pine St, Los Angeles, CA",34.0076475,-118.4785343,OK,nominatim,2026-02-04T22:03:08.614953+00:00
"8610 Broadway, New York, NY",40.8680171,-73.9201375,OK,nominatim,2026-02-04T22:03:11.780146+00:00
"8611 Elm St, Philadelphia, PA",,,NOT_FOUND,nominatim,2026-02-04T22:03:14.465980+00:00
"8612 Oak St, Houston, TX",29.8356403,-95.4135008,OK,nominatim,2026-02-04T22:03:15.500379+00:00
"8616 Broadway, Chicago, IL",41.518221,-87.640153,OK,nominatim,2026-02-04T22:03:16.210359+00:00
"8616 Elm St, Philadelphia, PA",,,NOT_FOUND,nominatim,2026-02-04T22:03:21.437616+00:00
"8621 Maple Ave, New York, NY",41.2676699,-73.6636209,OK,nominatim,2026-02-04T22:03:23.582540+00:00
"8643 Maple Ave, Los Angeles, CA",34.0145332,-118.2711643,OK,nominatim,2026-02-04T22:03:24.631623+00:00
"8655 Maple Ave, San Antonio, TX",,,NOT_FOUND,nominatim,2026-02-04T22:03:26.347015+00:00
"8683 Maple Ave, Philadelphia, PA",40.1322291,-75.0166959,OK,nominatim,2026-02-04T22:03:28.329554+00:00
"8685 Pine St, Chicago, IL",41.8882774,-88.1960962,OK,nominatim,2026-02-04T22:03:29.419654+00:00
"8688 Broadway, San Jose, CA",37.3118787,-121.9000864,OK,nominatim,2026-02-04T22:03:34.964327+00:00
"8689 Main St, San Diego, CA",32.699084,-117.1466848,OK,nominatim,2026-02-04T22:03:37.407070+00:00
"8709 Maple Ave, Dallas, TX",32.807681,-96.8180326,OK,nominatim,2026-02-04T22:03:38.533840+00:00
"8711 Elm St, San Diego, CA",32.724392,-117.1260354,OK,nominatim,2026-02-04T22:03:41.706405+00:00
"8718 Broadway, Chicago, IL",41.518221,-87.640153,OK,nominatim,2026-02-04T22:03:42.627033+00:00
"872 Oak St, San Diego, CA",33.1352558,-117.2098428,OK,nominatim,2026-02-04T22:03:44.267867+00:00
"8733 Elm St, Phoenix, AZ",33.5061371,-112.247926,OK,nominatim,2026-02-04T22:03:46.114663+00:00
"8734 Main St, San Jose, CA",37.3690131,-121.8763491,OK,nominatim,2026-02-04T22:03:47.850966+00:00
"8741 Maple Ave, San Antonio, TX",,,NOT_FOUND,nominatim,2026-02-04T22:03:50.047391+00:00
"8744 Pine St, Phoenix, AZ",,,NOT_FOUND,nominatim,2026-02-04T22:03:51.947358+00:00
"8752 Pine St, Phoenix, AZ",,,NOT_FOUND,nominatim,2026-02-04T22:03:54.097600+00:00
"8758 Maple Ave, San Antonio, TX",,,NOT_FOUND,nominatim,2026-02-04T22:03:55.429695+00:00
"8787 Main St, Houston, TX",29.6902318,-95.4179311,OK,nominatim,2026-02-04T22:03:58.599233+00:00
"8788 Main St, San Diego, CA",32.699084,-117.1466848,OK,nominatim,2026-02-04T22:04:01.574000+00:00
"8801 Pine St, San Jose, CA",37.5246495,-121.9219152,OK,nominatim,2026-02-04T22:04:04.030185+00:00
"8802 Maple Ave, Phoenix, AZ",,,NOT_FOUND,nominatim,2026-02-04T22:04:05.001069+00:00
"8815 Pine St, New York, NY",43.1714837,-73.6428871,OK,nominatim,2026-02-04T22:04:07.305888+00:00
"8866 Main St, Phoenix, AZ",33.6244021,-111.9323472,OK,nominatim,2026-02-04T22:04:13.841716+00:00
"8873 Elm St, San Jose, CA",37.3398738,-121.9170621,OK,nominatim,2026-02-04T22:04:15.908153+00:00
"8881 Main St, Dallas, TX",32.7853666,-96.7763713,OK,nominatim,2026-02-04T22:04:16.890081+00:00
"8884 Elm St, New York, NY",40.6679723,-73.7244942,OK,nominatim,2026-02-04T22:04:19.458254+00:00
"8893 Oak St, Philadelphia, PA",,,NOT_FOUND,nominatim,2026-02-04T22:04:24.306389+00:00
"8904 Oak St, New York, NY",40.705505,-73.7193805,OK,nominatim,2026-02-04T22:04:26.352714+00:00
"8922 Pine St, San Antonio, TX",29.585706,-98.3748479,OK,nominatim,2026-02-04T22:04:27.096994+00:00
"8937 Main St, Houston, TX",29.6890427,-95.4188728,OK,nominatim,2026-02-04T22:04:28.912790+00:00
"8950 Pine St, Houston, TX",29.6945923,-95.488777,OK,nominatim,2026-02-04T22:04:30.961787+00:00
"8957 Main St, Philadelphia, PA",40.025863,-75.2246078,OK,nominatim,2026-02-04T22:04:34.033282+00:00
"8972 Oak St, Dallas, TX",32.788834,-96.7846648,OK,nominatim,2026-02-04T22:04:34.750390+00:00
"8975 Maple Ave, Philadelphia, PA",40.1322291,-75.0166959,OK,nominatim,2026-02-04T22:04:36.051530+00:00
"8978 Broadway, Los Angeles, CA",34.0989516,-118.0740291,OK,nominatim,2026-02-04T22:04:36.693837+00:00
"8979 Pine St, San Diego, CA",32.7561562,-117.1860064,OK,nominatim,2026-02-04T22:04:38.373216+00:00
"8986 Oak St, Philadelphia, PA",,,NOT_FOUND,nominatim,2026-02-04T22:04:40.789976+00:00
"8988 Maple Ave, San Antonio, TX",,,NOT_FOUND,nominatim,2026-02-04T22:04:42.225878+00:00
"8998 Oak St, Houston, TX",29.8356403,-95.4135008,OK,nominatim,2026-02-04T22:04:42.887081+00:00
"9000 Broadway, San Antonio, TX",29.522603,-98.458579,OK,nominatim,2026-02-04T22:04:44.990834+00:00
"9000 Pine St, San Jose, CA",37.5246495,-121.9219152,OK,nominatim,2026-02-04T22:04:46.629061+00:00
"9006 Maple Ave, New York, NY",41.2676699,-73.6636209,OK,nominatim,2026-02-04T22:04:49.529148+00:00
"9007 Oak St, Philadelphia, PA",,,NOT_FOUND,nominatim,2026-02-04T22:04:51.748986+00:00
"9010 Broadway, Chicago, IL",41.518221,-87.640153,OK,nominatim,2026-02-04T22:04:52.464831+00:00
"9016 Oak St, Los Angeles, CA",33.8846593,-118.1419404,OK,nominatim,2026-02-04T22:04:54.224222+00:00
"9031 Elm St, New York, NY",42.1979458,-77.1369934,OK,nominatim,2026-02-04T22:04:56.277766+00:00
"9037 Broadway, Los Angeles, CA",34.0990964,-118.072044,OK,nominatim,2026-02-04T22:04:56.664988+00:00
"9037 Maple Ave, San Antonio, TX",,,NOT_FOUND,nominatim,2026-02-04T22:04:58.846769+00:00
"9038 Oak St, Philadelphia, PA",,,NOT_FOUND,nominatim,2026-02-04T22:05:01.170191+00:00
"9039 Main St, Chicago, IL",42.321606,-87.840598,OK,nominatim,2026-02-04T22:05:03.833502+00:00
"9040 Pine St, Los Angeles, CA",34.0076475,-118.4785343,OK,nominatim,2026-02-04T22:05:05.060522+00:00
"9059 Pine St, San Jose, CA",37.5246495,-121.9219152,OK,nominatim,2026-02-04T22:05:06.516573+00:00
"906 Broadway, New York, NY",40.697691,-73.9368025,OK,nominatim,2026-02-04T22:05:07.935281+00:00
"9064 Pine St, Dallas, TX",32.7561058,-96.7611059,OK,nominatim,2026-02-04T22:05:10.814978+00:00
"9066 Elm St, New York, NY",40.6679723,-73.7244942,OK,nominatim,2026-02-04T22:05:12.331735+00:00
"9079 Pine St, Dallas, TX",32.7561058,-96.7611059,OK,nominatim,2026-02-04T22:05:13.254658+00:00
"9083 Broadway, Los Angeles, CA",34.0990865,-118.0711039,OK,nominatim,2026-02-04T22:05:14.279825+00:00
"9084 Main St, Philadelphia, PA",40.025863,-75.2246078,OK,nominatim,2026-02-04T22:05:16.529315+00:00
"9085 Pine St, Phoenix, AZ",,,NOT_FOUND,nominatim,2026-02-04T22:05:19.701048+00:00
"9097 Broadway, Chicago, IL",41.518221,-87.640153,OK,nominatim,2026-02-04T22:05:22.990265+00:00
"9108 Pine St, Chicago, IL",41.8882774,-88.1960962,OK,nominatim,2026-02-04T22:05:23.904987+00:00
"9109 Broadway, Dallas, TX",32.8436742,-96.5905706,OK,nominatim,2026-02-04T22:05:26.479295+00:00
"9122 Elm St, San Diego, CA",32.724392,-117.1260354,OK,nominatim,2026-02-04T22:05:27.901493+00:00
"9148 Main St, New York, NY",43.2224115,-75.2841352,OK,nominatim,2026-02-04T22:05:34.458338+00:00
"915 Pine St, San Diego, CA",33.1115225,-117.0817458,OK,nominatim,2026-02-04T22:05:35.818057+00:00
"916 Oak St, Houston, TX",29.8356747,-95.4146947,OK,nominatim,2026-02-04T22:05:36.800458+00:00
"9166 Pine St, Houston, TX",29.6945923,-95.488777,OK,nominatim,2026-02-04T22:05:38.545599+00:00
"9172 Pine St, San Jose, CA",37.5246495,-121.9219152,OK,nominatim,2026-02-04T22:05:40.285042+00:00
"9178 Elm St, Phoenix, AZ",33.5065128,-112.2572741,OK,nominatim,2026-02-04T22:05:41.712940+00:00
"9191 Elm St, Houston, TX",29.7127696,-95.4868163,OK,nominatim,2026-02-04T22:05:42.767795+00:00
"9192 Broadway, Phoenix, AZ",33.4063492,-112.2562169,OK,nominatim,2026-02-04T22:05:45.510596+00:00
"9202 Broadway, San Jose, CA",37.3118787,-121.9000864,OK,nominatim,2026-02-04T22:05:47.797839+00:00
"9210 Elm St, Los Angeles, CA",34.0988101,-118.2314818,OK,nominatim,2026-02-04T22:05:50.116343+00:00
"9221 Maple Ave, Philadelphia, PA",40.1322291,-75.0166959,OK,nominatim,2026-02-04T22:05:51.240399+00:00
"9233 Main St, San Antonio, TX",29.4209395,-98.4946608,OK,nominatim,2026-02-04T22:05:55.749367+00:00
"9233 Main St, San Diego, CA",32.699084,-117.1466848,OK,nominatim,2026-02-04T22:05:58.204540+00:00
"924 Pine St, Houston, TX",29.6945923,-95.488777,OK,nominatim,2026-02-04T22:05:59.130724+00:00
"9241 Elm St, Houston, TX",29.7127696,-95.4868163,OK,nominatim,2026-02-04T22:06:00.355215+00:00
"9266 Broadway, Philadelphia, PA",,,NOT_FOUND,nominatim,2026-02-04T22:06:02.301306+00:00
"9266 Elm St, New York, NY",40.6679723,-73.7244942,OK,nominatim,2026-02-04T22:06:06.191139+00:00
"9268 Oak St, San Jose, CA",37.3208036,-121.8833144,OK,nominatim,2026-02-04T22:06:20.939091+00:00
"9272 Maple Ave, Philadelphia, PA",40.1322291,-75.0166959,OK,nominatim,2026-02-04T22:06:21.449969+00:00
"9278 Broadway, San Antonio, TX",29.5244573,-98.4566914,OK,nominatim,2026-02-04T22:06:25.547682+00:00
"9278 Elm St, New York, NY",40.6679723,-73.7244942,OK,nominatim,2026-02-04T22:06:27.698690+00:00
"9284 Oak St, San Diego, CA",33.1874933,-117.3767689,OK,nominatim,2026-02-04T22:06:29.745126+00:00
"9286 Elm St, Phoenix, AZ",33.5063563,-112.2592433,OK,nominatim,2026-02-04T22:06:32.143925+00:00
"9320 Elm St, Los Angeles, CA",34.0988101,-118.2314818,OK,nominatim,2026-02-04T22:06:33.739758+00:00
"9321 Pine St, Phoenix, AZ",,,NOT_FOUND,nominatim,2026-02-04T22:06:36.199809+00:00
"9329 Broadway, Houston, TX",29.7042171,-95.2771638,OK,nominatim,2026-02-04T22:06:38.756510+00:00
"9341 Broadway, Philadelphia, PA",,,NOT_FOUND,nominatim,2026-02-04T22:06:41.322512+00:00
"9342 Maple Ave, San Jose, CA",37.3447996,-121.9307803,OK,nominatim,2026-02-04T22:06:43.884002+00:00
"9362 Main St, Dallas, TX",32.7853666,-96.7763713,OK,nominatim,2026-02-04T22:06:45.180877+00:00
"9362 Maple Ave, Los Angeles, CA",34.0145332,-118.2711643,OK,nominatim,2026-02-04T22:06:46.332902+00:00
"9371 Broadway, Dallas, TX",32.8436742,-96.5905706,OK,nominatim,2026-02-04T22:06:48.790237+00:00
"9371 Broadway, San Diego, CA",32.7157266,-117.1552836,OK,nominatim,2026-02-04T22:06:51.147576+00:00
"9401 Main St, Los Angeles, CA",34.0247774,-118.3945328,OK,nominatim,2026-02-04T22:06:53.297069+00:00
"9405 Maple Ave, San Jose, CA",37.3447996,-121.9307803,OK,nominatim,2026-02-04T22:06:54.215786+00:00
"9418 Pine St, Chicago, IL",41.8882774,-88.1960962,OK,nominatim,2026-02-04T22:06:56.675293+00:00
"9424 Pine St, San Jose, CA",37.5246495,-121.9219152,OK,nominatim,2026-02-04T22:06:58.213115+00:00
"9426 Broadway, San Antonio, TX",29.5257736,-98.4553775,OK,nominatim,2026-02-04T22:06:58.542006+00:00
"9433 Pine St, New York, NY",43.1714837,-73.6428871,OK,nominatim,2026-02-04T22:07:00.772180+00:00
"9462 Main St, San Diego, CA",32.699084,-117.1466848,OK,nominatim,2026-02-04T22:07:04.052078+00:00
"9472 Elm St, San Diego, CA",32.724392,-117.1260354,OK,nominatim,2026-02-04T22:07:05.586805+00:00
"9489 Oak St, San Antonio, TX",29.439414,-98.475854,OK,nominatim,2026-02-04T22:07:06.302978+00:00
"9495 Maple Ave, San Diego, CA",33.1532398,-117.1528062,OK,nominatim,2026-02-04T22:07:07.939515+00:00
"9497 Elm St, Dallas, TX",32.7860508,-96.7767557,OK,nominatim,2026-02-04T22:07:09.193727+00:00
"9501 Elm St, New York, NY",43.0223321,-75.2600459,OK,nominatim,2026-02-04T22:07:10.805948+00:00
"9532 Main St, Los Angeles, CA",34.0247774,-118.3945328,OK,nominatim,2026-02-04T22:07:12.531121+00:00
"9544 Pine St, Phoenix, AZ",,,NOT_FOUND,nominatim,2026-02-04T22:07:14.523869+00:00
"9559 Pine St, Los Angeles, CA",34.0076475,-118.4785343,OK,nominatim,2026-02-04T22:07:15.724637+00:00
"9566 Broadway, San Jose, CA",37.3118787,-121.9000864,OK,nominatim,2026-02-04T22:07:19.601584+00:00
"9571 Broadway, Phoenix, AZ",33.4065475,-112.2653181,OK,nominatim,2026-02-04T22:07:22.438962+00:00
"9579 Maple Ave, New York, NY",43.3254475,-75.1855193,OK,nominatim,2026-02-04T22:07:24.227446+00:00
"9586 Elm St, Los Angeles, CA",34.0988101,-118.2314818,OK,nominatim,2026-02-04T22:07:25.349738+00:00
"9596 Broadway, Chicago, IL",41.518221,-87.640153,OK,nominatim,2026-02-04T22:07:26.063861+00:00
"960 Pine St, Philadelphia, PA",39.944582,-75.1578559,OK,nominatim,2026-02-04T22:07:27.908891+00:00
"9607 Broadway, San Antonio, TX",29.5270363,-98.4543501,OK,nominatim,2026-02-04T22:07:28.617348+00:00
"961 Pine St, San Diego, CA",33.1109864,-117.0814069,OK,nominatim,2026-02-04T22:07:30.122742+00:00
"963 Maple Ave, New York, NY",42.8048932,-73.9279111,OK,nominatim,2026-02-04T22:07:31.082481+00:00
"9633 Oak St, San Antonio, TX",29.439414,-98.475854,OK,nominatim,2026-02-04T22:07:32.106041+00:00
"9635 Oak St, Chicago, IL",41.8718996,-88.1960474,OK,nominatim,2026-02-04T22:07:33.437194+00:00
"9646 Elm St, Phoenix, AZ",33.505896,-112.2673218,OK,nominatim,2026-02-04T22:07:34.797949+00:00
"9651 Main St, Phoenix, AZ",33.6244021,-111.9323472,OK,nominatim,2026-02-04T22:07:40.958960+00:00
"9681 Maple Ave, Los Angeles, CA",34.0145332,-118.2711643,OK,nominatim,2026-02-04T22:07:41.733570+00:00
"97 Pine St, Dallas, TX",32.7561058,-96.7611059,OK,nominatim,2026-02-04T22:07:43.216640+00:00
"9702 Elm St, San Diego, CA",32.724392,-117.1260354,OK,nominatim,2026-02-04T22:07:44.701415+00:00
"971 Main St, Houston, TX",29.7571627,-95.3646371,OK,nominatim,2026-02-04T22:07:46.135360+00:00
"9716 Broadway, Los Angeles, CA",34.1008388,-118.0564887,OK,nominatim,2026-02-04T22:07:46.654545+00:00
"9739 Broadway, Phoenix, AZ",33.4065429,-112.2688662,OK,nominatim,2026-02-04T22:07:49.719145+00:00
"9746 Elm St, San Jose, CA",37.3398738,-121.9170621,OK,nominatim,2026-02-04T22:07:51.012757+00:00
"977 Main St, San Jose, CA",37.3690131,-121.8763491,OK,nominatim,2026-02-04T22:07:53.508696+00:00
"9778 Main St, San Diego, CA",32.699084,-117.1466848,OK,nominatim,2026-02-04T22:07:55.865214+00:00
"9789 Elm St, Houston, TX",29.7127696,-95.4868163,OK,nominatim,2026-02-04T22:07:58.218743+00:00
"9812 Main St, Phoenix, AZ",33.6244021,-111.9323472,OK,nominatim,2026-02-04T22:08:05.794970+00:00
"9814 Maple Ave, Houston, TX",,,NOT_FOUND,nominatim,2026-02-04T22:08:09.794847+00:00
"9815 Broadway, Los Angeles, CA",34.1013503,-118.0549994,OK,nominatim,2026-02-04T22:08:11.046486+00:00
"9843 Main St, New York, NY",43.8962738,-75.392946,OK,nominatim,2026-02-04T22:08:18.595173+00:00
"9854 Maple Ave, Houston, TX",,,NOT_FOUND,nominatim,2026-02-04T22:08:20.030493+00:00
"9857 Maple Ave, Dallas, TX",32.8267444,-96.84291,OK,nominatim,2026-02-04T22:08:20.951827+00:00
"986 Maple Ave, Los Angeles, CA",33.8379484,-118.3399285,OK,nominatim,2026-02-04T22:08:21.785018+00:00
"9868 Oak St, New York, NY",40.705505,-73.7193805,OK,nominatim,2026-02-04T22:08:23.920959+00:00
"9873 Maple Ave, Philadelphia, PA",40.1322291,-75.0166959,OK,nominatim,2026-02-04T22:08:24.535330+00:00
"9898 Main St, New York, NY",43.8984509,-75.3902961,OK,nominatim,2026-02-04T22:08:30.271017+00:00
"9901 Broadway, New York, NY",40.8680171,-73.9201375,OK,nominatim,2026-02-04T22:08:31.705633+00:00
"9903 Main St, Dallas, TX",32.7853666,-96.7763713,OK,nominatim,2026-02-04T22:08:33.442360+00:00
"9916 Broadway, Philadelphia, PA",,,NOT_FOUND,nominatim,2026-02-04T22:08:35.161850+00:00
"9942 Main St, Los Angeles, CA",34.0247774,-118.3945328,OK,nominatim,2026-02-04T22:08:37.382695+00:00
"9944 Pine St, San Antonio, TX",29.585706,-98.3748479,OK,nominatim,2026-02-04T22:08:38.052763+00:00
"9952 Pine St, Dallas, TX",32.7561058,-96.7611059,OK,nominatim,2026-02-04T22:08:40.713985+00:00
"9955 Pine St, San Antonio, TX",29.585706,-98.3748479,OK,nominatim,2026-02-04T22:08:41.349201+00:00
"9964 Maple Ave, Philadelphia, PA",40.1322291,-75.0166959,OK,nominatim,2026-02-04T22:08:42.662551+00:00
"9977 Maple Ave, Phoenix, AZ",,,NOT_FOUND,nominatim,2026-02-04T22:08:45.220478+00:00
"9992 Elm St, Chicago, IL",41.9026321,-87.6450942,OK,nominatim,2026-02-04T22:08:46.808590+00:00
"9992 Elm St, Dallas, TX",32.7860508,-96.7767557,OK,nominatim,2026-02-04T22:08:47.637026+00:00
